date,commit,language,files,lines,code_lines,comment_lines
2026-08-14T21:58:28Z,cef48297e21b9c4a54a50691990632412bde979d,Python,18,2537,1825,309
2026-08-14T21:58:28Z,cef48297e21b9c4a54a50691990632412bde979d,C++,70,12692,9835,1313
2026-08-16T06:17:25Z,e7d8fe7e391ed73e145060ca8ebd309b5a84d0a7,Python,21,3020,2241,310
2026-08-16T06:17:25Z,e7d8fe7e391ed73e145060ca8ebd309b5a84d0a7,C++,71,13458,10405,1440
2026-08-17T07:18:31Z,f841329a8f84fc9bfe712e6544874b50209d4368,Python,21,3023,2244,310
2026-08-17T07:18:31Z,f841329a8f84fc9bfe712e6544874b50209d4368,C++,73,14764,11299,1723
2026-08-17T07:55:41Z,d099db9aebe62fa8b76e1b0600430de854a9017b,Python,21,3023,2244,310
2026-08-17T07:55:41Z,d099db9aebe62fa8b76e1b0600430de854a9017b,C++,75,15142,11524,1842
2026-08-17T10:25:38Z,99404704994a45200158a50b57468785570bc62a,Python,21,3027,2247,311
2026-08-17T10:25:38Z,99404704994a45200158a50b57468785570bc62a,C++,78,15540,11745,1965
2026-08-18T13:42:39Z,61ee94697edf717832345677c01a82931fa8d97e,Python,21,3032,2251,311
2026-08-18T13:42:39Z,61ee94697edf717832345677c01a82931fa8d97e,C++,87,17604,13281,2294
