run_id,workflow,event,status,conclusion,created_at,updated_at,duration_seconds,head_sha
26625408796,Build,workflow_run,completed,action_required,2026-05-29T07:54:53Z,2026-05-29T07:54:53Z,0,a8dc7ffece98561f388b2ee34e715d9a97746920
26625221703,Build,workflow_run,completed,skipped,2026-05-29T07:50:30Z,2026-05-29T07:50:32Z,2,a8dc7ffece98561f388b2ee34e715d9a97746920
26625207847,Style,push,completed,success,2026-05-29T07:50:11Z,2026-05-29T07:51:28Z,77,a8dc7ffece98561f388b2ee34e715d9a97746920
26625207852,ci-no-onnx,push,completed,success,2026-05-29T07:50:11Z,2026-05-29T07:54:58Z,287,a8dc7ffece98561f388b2ee34e715d9a97746920
26625207862,Spelling,push,completed,success,2026-05-29T07:50:11Z,2026-05-29T07:55:02Z,291,a8dc7ffece98561f388b2ee34e715d9a97746920
26625207808,Standalone example,push,completed,success,2026-05-29T07:50:11Z,2026-05-29T07:55:19Z,308,a8dc7ffece98561f388b2ee34e715d9a97746920
26625207854,clang-format,push,completed,success,2026-05-29T07:50:11Z,2026-05-29T07:55:30Z,319,a8dc7ffece98561f388b2ee34e715d9a97746920
26625195617,ci-1-core,pull_request,completed,action_required,2026-05-29T07:49:54Z,2026-05-29T07:49:54Z,0,ec3f3a5ecb5b35570fad669c8661cb503c413e52
26625195583,clang-format,pull_request,completed,action_required,2026-05-29T07:49:54Z,2026-05-29T07:49:54Z,0,ec3f3a5ecb5b35570fad669c8661cb503c413e52
26625195597,ci-debug-ubuntu,pull_request,completed,action_required,2026-05-29T07:49:54Z,2026-05-29T07:49:54Z,0,ec3f3a5ecb5b35570fad669c8661cb503c413e52
26625195573,Style,pull_request,completed,action_required,2026-05-29T07:49:54Z,2026-05-29T07:49:54Z,0,ec3f3a5ecb5b35570fad669c8661cb503c413e52
26625195606,Pyrefly,pull_request,completed,action_required,2026-05-29T07:49:54Z,2026-05-29T07:49:54Z,0,ec3f3a5ecb5b35570fad669c8661cb503c413e52
26625195584,Mypy,pull_request,completed,action_required,2026-05-29T07:49:54Z,2026-05-29T07:49:54Z,0,ec3f3a5ecb5b35570fad669c8661cb503c413e52
26625195588,Standalone example,pull_request,completed,action_required,2026-05-29T07:49:54Z,2026-05-29T07:49:54Z,0,ec3f3a5ecb5b35570fad669c8661cb503c413e52
26625195576,ci-no-onnx,pull_request,completed,action_required,2026-05-29T07:49:54Z,2026-05-29T07:49:54Z,0,ec3f3a5ecb5b35570fad669c8661cb503c413e52
26625195574,Spelling,pull_request,completed,action_required,2026-05-29T07:49:54Z,2026-05-29T07:49:54Z,0,ec3f3a5ecb5b35570fad669c8661cb503c413e52
26625038917,Build,workflow_run,completed,skipped,2026-05-29T07:46:16Z,2026-05-29T07:46:18Z,2,d2d29cf6ec7a335bee888efe4749c8b1b2fcaebe
26624999417,clang-format,push,completed,success,2026-05-29T07:45:22Z,2026-05-29T07:45:33Z,11,d2d29cf6ec7a335bee888efe4749c8b1b2fcaebe
26624999428,Spelling,push,completed,success,2026-05-29T07:45:22Z,2026-05-29T07:45:32Z,10,d2d29cf6ec7a335bee888efe4749c8b1b2fcaebe
26624999434,Style,push,completed,success,2026-05-29T07:45:22Z,2026-05-29T07:45:36Z,14,d2d29cf6ec7a335bee888efe4749c8b1b2fcaebe
26624999405,ci-no-onnx,push,completed,success,2026-05-29T07:45:22Z,2026-05-29T07:50:03Z,281,d2d29cf6ec7a335bee888efe4749c8b1b2fcaebe
26624999402,ci-debug-ubuntu,push,completed,cancelled,2026-05-29T07:45:22Z,2026-05-29T07:50:28Z,306,d2d29cf6ec7a335bee888efe4749c8b1b2fcaebe
26624999426,Pyrefly,push,completed,cancelled,2026-05-29T07:45:22Z,2026-05-29T07:50:19Z,297,d2d29cf6ec7a335bee888efe4749c8b1b2fcaebe
26624999407,Mypy,push,completed,cancelled,2026-05-29T07:45:22Z,2026-05-29T07:50:19Z,297,d2d29cf6ec7a335bee888efe4749c8b1b2fcaebe
26624999415,Standalone example,push,completed,cancelled,2026-05-29T07:45:22Z,2026-05-29T07:50:22Z,300,d2d29cf6ec7a335bee888efe4749c8b1b2fcaebe
26624999424,ci-1-core,push,completed,cancelled,2026-05-29T07:45:22Z,2026-05-29T07:50:27Z,305,d2d29cf6ec7a335bee888efe4749c8b1b2fcaebe
26624871519,clang-format,pull_request,completed,success,2026-05-29T07:42:11Z,2026-05-29T07:50:11Z,480,5e7f59d09684319ac31e964f7d9be1739027db8e
26624871495,Style,pull_request,completed,success,2026-05-29T07:42:11Z,2026-05-29T07:51:36Z,565,5e7f59d09684319ac31e964f7d9be1739027db8e
26624871493,ci-debug-ubuntu,pull_request,completed,success,2026-05-29T07:42:11Z,2026-05-29T07:53:03Z,652,5e7f59d09684319ac31e964f7d9be1739027db8e
26624871523,Pyrefly,pull_request,completed,success,2026-05-29T07:42:11Z,2026-05-29T07:54:48Z,757,5e7f59d09684319ac31e964f7d9be1739027db8e
26624871513,ci-no-onnx,pull_request,completed,success,2026-05-29T07:42:11Z,2026-05-29T07:55:27Z,796,5e7f59d09684319ac31e964f7d9be1739027db8e
26624871527,Spelling,pull_request,completed,success,2026-05-29T07:42:11Z,2026-05-29T07:55:31Z,800,5e7f59d09684319ac31e964f7d9be1739027db8e
26624856515,Style,pull_request,completed,success,2026-05-29T07:41:49Z,2026-05-29T07:46:20Z,271,893d83d58c42c1616b7982b1b4c058288f6f2f4f
26624856492,Spelling,pull_request,completed,success,2026-05-29T07:41:49Z,2026-05-29T07:46:20Z,271,893d83d58c42c1616b7982b1b4c058288f6f2f4f
26624856535,clang-format,pull_request,completed,success,2026-05-29T07:41:49Z,2026-05-29T07:46:31Z,282,893d83d58c42c1616b7982b1b4c058288f6f2f4f
26624856555,Pyrefly,pull_request,completed,success,2026-05-29T07:41:49Z,2026-05-29T07:50:02Z,493,893d83d58c42c1616b7982b1b4c058288f6f2f4f
26624856536,Mypy,pull_request,completed,success,2026-05-29T07:41:49Z,2026-05-29T07:50:57Z,548,893d83d58c42c1616b7982b1b4c058288f6f2f4f
26624856512,Standalone example,pull_request,completed,success,2026-05-29T07:41:49Z,2026-05-29T07:51:04Z,555,893d83d58c42c1616b7982b1b4c058288f6f2f4f
26624856534,ci-no-onnx,pull_request,completed,success,2026-05-29T07:41:49Z,2026-05-29T07:51:20Z,571,893d83d58c42c1616b7982b1b4c058288f6f2f4f
26624856511,ci-debug-ubuntu,pull_request,completed,success,2026-05-29T07:41:49Z,2026-05-29T07:53:00Z,671,893d83d58c42c1616b7982b1b4c058288f6f2f4f
26624823646,Build,workflow_run,completed,action_required,2026-05-29T07:41:03Z,2026-05-29T07:41:03Z,0,b62b5d4466e70331baedd064467d0c9d45bbb863
26624806233,Build,workflow_run,completed,action_required,2026-05-29T07:40:39Z,2026-05-29T07:40:39Z,0,b62b5d4466e70331baedd064467d0c9d45bbb863
26624775782,Addressing comment on PR #1255,dynamic,completed,success,2026-05-29T07:39:58Z,2026-05-29T07:42:34Z,156,58c343067d0a34efa46a1a46e945dd5fada4a8e8
26624591454,Build,workflow_run,completed,action_required,2026-05-29T07:35:35Z,2026-05-29T07:35:35Z,0,b62b5d4466e70331baedd064467d0c9d45bbb863
26624472986,Build,workflow_run,completed,skipped,2026-05-29T07:32:48Z,2026-05-29T07:32:49Z,1,b62b5d4466e70331baedd064467d0c9d45bbb863
26624459912,clang-format,push,completed,success,2026-05-29T07:32:30Z,2026-05-29T07:32:43Z,13,b62b5d4466e70331baedd064467d0c9d45bbb863
26624459934,Spelling,push,completed,success,2026-05-29T07:32:30Z,2026-05-29T07:32:40Z,10,b62b5d4466e70331baedd064467d0c9d45bbb863
26624459915,Style,push,completed,success,2026-05-29T07:32:30Z,2026-05-29T07:32:41Z,11,b62b5d4466e70331baedd064467d0c9d45bbb863
26624459939,ci-no-onnx,push,completed,success,2026-05-29T07:32:30Z,2026-05-29T07:37:20Z,290,b62b5d4466e70331baedd064467d0c9d45bbb863
26624459944,Standalone example,push,completed,success,2026-05-29T07:32:30Z,2026-05-29T07:37:34Z,304,b62b5d4466e70331baedd064467d0c9d45bbb863
26624459955,ci-debug-ubuntu,push,completed,success,2026-05-29T07:32:30Z,2026-05-29T07:39:36Z,426,b62b5d4466e70331baedd064467d0c9d45bbb863
26624459893,Pyrefly,push,completed,success,2026-05-29T07:32:30Z,2026-05-29T07:37:50Z,320,b62b5d4466e70331baedd064467d0c9d45bbb863
26624459986,Mypy,push,completed,success,2026-05-29T07:32:30Z,2026-05-29T07:37:39Z,309,b62b5d4466e70331baedd064467d0c9d45bbb863
26624459889,ci-1-core,push,completed,cancelled,2026-05-29T07:32:30Z,2026-05-29T07:46:14Z,824,b62b5d4466e70331baedd064467d0c9d45bbb863
26624451436,Addressing comment on PR #1251,dynamic,completed,success,2026-05-29T07:32:18Z,2026-05-29T07:42:21Z,603,8f10db9a144c059be171f540bf37730929f1a8c8
26624430328,Build,workflow_run,completed,skipped,2026-05-29T07:31:48Z,2026-05-29T07:31:49Z,1,5e22cfe90623b877b58297b938f7545aceb0a9da
26624414691,Spelling,push,completed,success,2026-05-29T07:31:27Z,2026-05-29T07:31:36Z,9,5e22cfe90623b877b58297b938f7545aceb0a9da
26624414811,Style,push,completed,success,2026-05-29T07:31:27Z,2026-05-29T07:31:38Z,11,5e22cfe90623b877b58297b938f7545aceb0a9da
26624414853,clang-format,push,completed,success,2026-05-29T07:31:27Z,2026-05-29T07:31:39Z,12,5e22cfe90623b877b58297b938f7545aceb0a9da
26624414851,ci-1-core,push,completed,cancelled,2026-05-29T07:31:27Z,2026-05-29T07:32:46Z,79,5e22cfe90623b877b58297b938f7545aceb0a9da
26624414753,ci-debug-ubuntu,push,completed,cancelled,2026-05-29T07:31:27Z,2026-05-29T07:32:47Z,80,5e22cfe90623b877b58297b938f7545aceb0a9da
26624414774,Pyrefly,push,completed,cancelled,2026-05-29T07:31:27Z,2026-05-29T07:32:47Z,80,5e22cfe90623b877b58297b938f7545aceb0a9da
26624414756,ci-no-onnx,push,completed,cancelled,2026-05-29T07:31:27Z,2026-05-29T07:32:46Z,79,5e22cfe90623b877b58297b938f7545aceb0a9da
26624414766,Standalone example,push,completed,cancelled,2026-05-29T07:31:27Z,2026-05-29T07:32:46Z,79,5e22cfe90623b877b58297b938f7545aceb0a9da
26624414715,Mypy,push,completed,cancelled,2026-05-29T07:31:27Z,2026-05-29T07:32:46Z,79,5e22cfe90623b877b58297b938f7545aceb0a9da
26624302353,Build,workflow_run,completed,action_required,2026-05-29T07:28:53Z,2026-05-29T07:28:53Z,0,ae0aafa8a3216648f3dc92e3662cce51e321d578
26623763200,Build,workflow_run,completed,skipped,2026-05-29T07:15:46Z,2026-05-29T07:15:48Z,2,ae0aafa8a3216648f3dc92e3662cce51e321d578
26623749944,ci-1-core,push,completed,cancelled,2026-05-29T07:15:26Z,2026-05-29T07:31:46Z,980,ae0aafa8a3216648f3dc92e3662cce51e321d578
26623750094,Spelling,push,completed,success,2026-05-29T07:15:26Z,2026-05-29T07:15:38Z,12,ae0aafa8a3216648f3dc92e3662cce51e321d578
26623749984,Style,push,completed,success,2026-05-29T07:15:26Z,2026-05-29T07:15:38Z,12,ae0aafa8a3216648f3dc92e3662cce51e321d578
26623750004,clang-format,push,completed,success,2026-05-29T07:15:26Z,2026-05-29T07:15:40Z,14,ae0aafa8a3216648f3dc92e3662cce51e321d578
26623749967,ci-no-onnx,push,completed,success,2026-05-29T07:15:26Z,2026-05-29T07:20:23Z,297,ae0aafa8a3216648f3dc92e3662cce51e321d578
26623749943,Pyrefly,push,completed,success,2026-05-29T07:15:26Z,2026-05-29T07:20:10Z,284,ae0aafa8a3216648f3dc92e3662cce51e321d578
26623749965,Standalone example,push,completed,success,2026-05-29T07:15:26Z,2026-05-29T07:20:19Z,293,ae0aafa8a3216648f3dc92e3662cce51e321d578
26623749991,Mypy,push,completed,success,2026-05-29T07:15:26Z,2026-05-29T07:20:32Z,306,ae0aafa8a3216648f3dc92e3662cce51e321d578
26623750017,ci-debug-ubuntu,push,completed,success,2026-05-29T07:15:26Z,2026-05-29T07:22:00Z,394,ae0aafa8a3216648f3dc92e3662cce51e321d578
26623719984,clang-format,push,completed,success,2026-05-29T07:14:44Z,2026-05-29T07:14:58Z,14,ec56e31e6fce01c4f15988d9de6a334d22042c10
26623719946,Style,push,completed,success,2026-05-29T07:14:44Z,2026-05-29T07:14:55Z,11,ec56e31e6fce01c4f15988d9de6a334d22042c10
26623719958,Spelling,push,completed,success,2026-05-29T07:14:44Z,2026-05-29T07:14:59Z,15,ec56e31e6fce01c4f15988d9de6a334d22042c10
26623719985,Mypy,push,completed,cancelled,2026-05-29T07:14:44Z,2026-05-29T07:15:44Z,60,ec56e31e6fce01c4f15988d9de6a334d22042c10
26623719993,ci-debug-ubuntu,push,completed,cancelled,2026-05-29T07:14:44Z,2026-05-29T07:15:42Z,58,ec56e31e6fce01c4f15988d9de6a334d22042c10
26623719920,Pyrefly,push,completed,cancelled,2026-05-29T07:14:44Z,2026-05-29T07:15:43Z,59,ec56e31e6fce01c4f15988d9de6a334d22042c10
26623719919,Standalone example,push,completed,cancelled,2026-05-29T07:14:44Z,2026-05-29T07:15:43Z,59,ec56e31e6fce01c4f15988d9de6a334d22042c10
26623719930,ci-no-onnx,push,completed,cancelled,2026-05-29T07:14:44Z,2026-05-29T07:15:43Z,59,ec56e31e6fce01c4f15988d9de6a334d22042c10
26623719970,ci-1-core,push,completed,cancelled,2026-05-29T07:14:44Z,2026-05-29T07:15:44Z,60,ec56e31e6fce01c4f15988d9de6a334d22042c10
26623719979,Documentation,push,completed,success,2026-05-29T07:14:44Z,2026-05-29T07:23:31Z,527,ec56e31e6fce01c4f15988d9de6a334d22042c10
26608581917,Standalone example,pull_request,completed,action_required,2026-05-28T23:34:35Z,2026-05-28T23:34:35Z,0,0999d418eb26a2864ddab036e1dfdcd62e7b960e
26608581926,Spelling,pull_request,completed,action_required,2026-05-28T23:34:35Z,2026-05-28T23:34:35Z,0,0999d418eb26a2864ddab036e1dfdcd62e7b960e
26608581927,ci-1-core,pull_request,completed,action_required,2026-05-28T23:34:35Z,2026-05-28T23:34:35Z,0,0999d418eb26a2864ddab036e1dfdcd62e7b960e
26608581909,Mypy,pull_request,completed,action_required,2026-05-28T23:34:35Z,2026-05-28T23:34:35Z,0,0999d418eb26a2864ddab036e1dfdcd62e7b960e
26608581932,clang-format,pull_request,completed,action_required,2026-05-28T23:34:35Z,2026-05-28T23:34:35Z,0,0999d418eb26a2864ddab036e1dfdcd62e7b960e
26608581912,ci-debug-ubuntu,pull_request,completed,action_required,2026-05-28T23:34:35Z,2026-05-28T23:34:35Z,0,0999d418eb26a2864ddab036e1dfdcd62e7b960e
26608581922,ci-no-onnx,pull_request,completed,action_required,2026-05-28T23:34:35Z,2026-05-28T23:34:35Z,0,0999d418eb26a2864ddab036e1dfdcd62e7b960e
26608581925,Style,pull_request,completed,action_required,2026-05-28T23:34:35Z,2026-05-28T23:34:35Z,0,0999d418eb26a2864ddab036e1dfdcd62e7b960e
26608581950,Pyrefly,pull_request,completed,action_required,2026-05-28T23:34:35Z,2026-05-28T23:34:35Z,0,0999d418eb26a2864ddab036e1dfdcd62e7b960e
26608328994,Style,pull_request,completed,success,2026-05-28T23:27:58Z,2026-05-29T07:33:02Z,29104,58c343067d0a34efa46a1a46e945dd5fada4a8e8
26608328951,Spelling,pull_request,completed,success,2026-05-28T23:27:58Z,2026-05-29T07:32:56Z,29098,58c343067d0a34efa46a1a46e945dd5fada4a8e8
26608328946,clang-format,pull_request,completed,success,2026-05-28T23:27:58Z,2026-05-29T07:33:00Z,29102,58c343067d0a34efa46a1a46e945dd5fada4a8e8
26608328956,Pyrefly,pull_request,completed,success,2026-05-28T23:27:58Z,2026-05-29T07:37:13Z,29355,58c343067d0a34efa46a1a46e945dd5fada4a8e8
26608328961,ci-no-onnx,pull_request,completed,failure,2026-05-28T23:27:58Z,2026-05-29T07:37:38Z,29380,58c343067d0a34efa46a1a46e945dd5fada4a8e8
26608328960,Mypy,pull_request,completed,success,2026-05-28T23:27:58Z,2026-05-29T07:37:38Z,29380,58c343067d0a34efa46a1a46e945dd5fada4a8e8
26608328967,Standalone example,pull_request,completed,success,2026-05-28T23:27:58Z,2026-05-29T07:37:39Z,29381,58c343067d0a34efa46a1a46e945dd5fada4a8e8
26608328986,ci-debug-ubuntu,pull_request,completed,failure,2026-05-28T23:27:58Z,2026-05-29T07:39:46Z,29508,58c343067d0a34efa46a1a46e945dd5fada4a8e8
26608328955,ci-1-core,pull_request,completed,failure,2026-05-28T23:27:58Z,2026-05-29T07:40:37Z,29559,58c343067d0a34efa46a1a46e945dd5fada4a8e8
26608250540,Spelling,pull_request,completed,success,2026-05-28T23:25:53Z,2026-05-29T07:40:51Z,29698,1204f00a8199b0b2e8100f8e2a8aaabd55a263f4
26608250531,Style,pull_request,completed,success,2026-05-28T23:25:53Z,2026-05-29T07:40:48Z,29695,1204f00a8199b0b2e8100f8e2a8aaabd55a263f4
26608250551,clang-format,pull_request,completed,success,2026-05-28T23:25:53Z,2026-05-29T07:40:49Z,29696,1204f00a8199b0b2e8100f8e2a8aaabd55a263f4
26608250539,Mypy,pull_request,completed,success,2026-05-28T23:25:53Z,2026-05-29T07:45:09Z,29956,1204f00a8199b0b2e8100f8e2a8aaabd55a263f4
26608250548,Standalone example,pull_request,completed,success,2026-05-28T23:25:53Z,2026-05-29T07:45:34Z,29981,1204f00a8199b0b2e8100f8e2a8aaabd55a263f4
26608250538,ci-no-onnx,pull_request,completed,success,2026-05-28T23:25:53Z,2026-05-29T07:45:21Z,29968,1204f00a8199b0b2e8100f8e2a8aaabd55a263f4
26608250530,Pyrefly,pull_request,completed,success,2026-05-28T23:25:53Z,2026-05-29T07:45:19Z,29966,1204f00a8199b0b2e8100f8e2a8aaabd55a263f4
26608250549,ci-debug-ubuntu,pull_request,completed,success,2026-05-28T23:25:53Z,2026-05-29T07:47:49Z,30116,1204f00a8199b0b2e8100f8e2a8aaabd55a263f4
26608203857,Spelling,pull_request,completed,success,2026-05-28T23:24:36Z,2026-05-29T07:37:31Z,29575,f99cd5c9854b5c1d9ae62d8dfd9abacf2b15b536
26608203875,clang-format,pull_request,completed,success,2026-05-28T23:24:36Z,2026-05-29T07:37:33Z,29577,f99cd5c9854b5c1d9ae62d8dfd9abacf2b15b536
26608203852,Style,pull_request,completed,success,2026-05-28T23:24:36Z,2026-05-29T07:38:14Z,29618,f99cd5c9854b5c1d9ae62d8dfd9abacf2b15b536
26608203858,Standalone example,pull_request,completed,success,2026-05-28T23:24:36Z,2026-05-29T07:40:14Z,29738,f99cd5c9854b5c1d9ae62d8dfd9abacf2b15b536
26608203840,Pyrefly,pull_request,completed,success,2026-05-28T23:24:36Z,2026-05-29T07:41:53Z,29837,f99cd5c9854b5c1d9ae62d8dfd9abacf2b15b536
26608203838,Mypy,pull_request,completed,success,2026-05-28T23:24:36Z,2026-05-29T07:42:39Z,29883,f99cd5c9854b5c1d9ae62d8dfd9abacf2b15b536
26608203859,ci-no-onnx,pull_request,completed,success,2026-05-28T23:24:36Z,2026-05-29T07:42:06Z,29850,f99cd5c9854b5c1d9ae62d8dfd9abacf2b15b536
26608203865,ci-debug-ubuntu,pull_request,completed,success,2026-05-28T23:24:36Z,2026-05-29T07:45:11Z,30035,f99cd5c9854b5c1d9ae62d8dfd9abacf2b15b536
26608186796,Running Copilot cloud agent,dynamic,completed,success,2026-05-28T23:24:09Z,2026-05-28T23:38:04Z,835,204198004586d46465fb3ac510d0543cf2408eda
26608041864,Build,workflow_run,completed,action_required,2026-05-28T23:20:14Z,2026-05-28T23:20:14Z,0,1a5898dd9a4daf1f3d2e153023117ec60a8610bf
26608007122,clang-format,pull_request,completed,success,2026-05-28T23:19:18Z,2026-05-29T07:33:27Z,29649,01e712b050566520b5e98d10b437be7800aa1e14
26608007165,Style,pull_request,completed,success,2026-05-28T23:19:18Z,2026-05-29T07:34:28Z,29710,01e712b050566520b5e98d10b437be7800aa1e14
26608007136,Spelling,pull_request,completed,success,2026-05-28T23:19:18Z,2026-05-29T07:37:21Z,29883,01e712b050566520b5e98d10b437be7800aa1e14
26608007153,ci-no-onnx,pull_request,completed,success,2026-05-28T23:19:18Z,2026-05-29T07:39:10Z,29992,01e712b050566520b5e98d10b437be7800aa1e14
26608007119,Pyrefly,pull_request,completed,success,2026-05-28T23:19:18Z,2026-05-29T07:40:13Z,30055,01e712b050566520b5e98d10b437be7800aa1e14
26608007148,ci-debug-ubuntu,pull_request,completed,success,2026-05-28T23:19:18Z,2026-05-29T07:40:16Z,30058,01e712b050566520b5e98d10b437be7800aa1e14
26608007170,Mypy,pull_request,completed,success,2026-05-28T23:19:18Z,2026-05-29T07:42:22Z,30184,01e712b050566520b5e98d10b437be7800aa1e14
26608007156,Standalone example,pull_request,completed,success,2026-05-28T23:19:18Z,2026-05-29T07:42:46Z,30208,01e712b050566520b5e98d10b437be7800aa1e14
26608007138,ci-1-core,pull_request,completed,success,2026-05-28T23:19:18Z,2026-05-29T07:54:51Z,30933,01e712b050566520b5e98d10b437be7800aa1e14
26607848300,Running Copilot cloud agent,dynamic,completed,success,2026-05-28T23:14:53Z,2026-05-28T23:28:38Z,825,3016a5d9b187bbfef73d4791ec1fc1564d1323f1
26607785819,Running Copilot cloud agent,dynamic,completed,success,2026-05-28T23:13:09Z,2026-05-28T23:24:57Z,708,f38a028a9beaf42bc7f38c7db1bf4602f83c2390
26607783627,Running Copilot cloud agent,dynamic,completed,success,2026-05-28T23:13:05Z,2026-05-28T23:29:22Z,977,f597688a2f3abd5240a60f57caaed249834e6ad8
26607754421,clang-format,pull_request,completed,success,2026-05-28T23:12:18Z,2026-05-29T07:20:02Z,29264,8f10db9a144c059be171f540bf37730929f1a8c8
26607754424,Style,pull_request,completed,success,2026-05-28T23:12:18Z,2026-05-29T07:20:20Z,29282,8f10db9a144c059be171f540bf37730929f1a8c8
26607754426,Spelling,pull_request,completed,success,2026-05-28T23:12:18Z,2026-05-29T07:20:14Z,29276,8f10db9a144c059be171f540bf37730929f1a8c8
26607754422,Pyrefly,pull_request,completed,success,2026-05-28T23:12:18Z,2026-05-29T07:24:08Z,29510,8f10db9a144c059be171f540bf37730929f1a8c8
26607754420,Standalone example,pull_request,completed,success,2026-05-28T23:12:18Z,2026-05-29T07:24:00Z,29502,8f10db9a144c059be171f540bf37730929f1a8c8
26607754386,ci-no-onnx,pull_request,completed,success,2026-05-28T23:12:18Z,2026-05-29T07:24:25Z,29527,8f10db9a144c059be171f540bf37730929f1a8c8
26607754403,Mypy,pull_request,completed,success,2026-05-28T23:12:18Z,2026-05-29T07:24:31Z,29533,8f10db9a144c059be171f540bf37730929f1a8c8
26607754382,ci-debug-ubuntu,pull_request,completed,failure,2026-05-28T23:12:18Z,2026-05-29T07:26:05Z,29627,8f10db9a144c059be171f540bf37730929f1a8c8
26607754400,ci-1-core,pull_request,completed,failure,2026-05-28T23:12:18Z,2026-05-29T07:28:50Z,29792,8f10db9a144c059be171f540bf37730929f1a8c8
26607633809,ci-1-core,pull_request,completed,success,2026-05-28T23:09:02Z,2026-05-29T07:35:32Z,30390,5fc05b1d3f0f361a6398800dbb5187ffef37c81e
26607633837,Spelling,pull_request,completed,success,2026-05-28T23:09:02Z,2026-05-29T07:16:18Z,29236,5fc05b1d3f0f361a6398800dbb5187ffef37c81e
26607633817,Style,pull_request,completed,success,2026-05-28T23:09:02Z,2026-05-29T07:16:20Z,29238,5fc05b1d3f0f361a6398800dbb5187ffef37c81e
26607633781,clang-format,pull_request,completed,success,2026-05-28T23:09:02Z,2026-05-29T07:16:20Z,29238,5fc05b1d3f0f361a6398800dbb5187ffef37c81e
26607633890,Standalone example,pull_request,completed,success,2026-05-28T23:09:02Z,2026-05-29T07:20:48Z,29506,5fc05b1d3f0f361a6398800dbb5187ffef37c81e
26607633849,Mypy,pull_request,completed,success,2026-05-28T23:09:02Z,2026-05-29T07:20:43Z,29501,5fc05b1d3f0f361a6398800dbb5187ffef37c81e
26607633859,Pyrefly,pull_request,completed,success,2026-05-28T23:09:02Z,2026-05-29T07:20:51Z,29509,5fc05b1d3f0f361a6398800dbb5187ffef37c81e
26607633813,ci-no-onnx,pull_request,completed,success,2026-05-28T23:09:02Z,2026-05-29T07:20:40Z,29498,5fc05b1d3f0f361a6398800dbb5187ffef37c81e
26607633836,ci-debug-ubuntu,pull_request,completed,success,2026-05-28T23:09:02Z,2026-05-29T07:22:47Z,29625,5fc05b1d3f0f361a6398800dbb5187ffef37c81e
26607625451,Build,workflow_run,completed,action_required,2026-05-28T23:08:49Z,2026-05-28T23:08:49Z,0,1a5898dd9a4daf1f3d2e153023117ec60a8610bf
26607470193,Pyrefly,pull_request,completed,action_required,2026-05-28T23:04:41Z,2026-05-28T23:04:41Z,0,204198004586d46465fb3ac510d0543cf2408eda
26607470246,Standalone example,pull_request,completed,action_required,2026-05-28T23:04:41Z,2026-05-28T23:04:41Z,0,204198004586d46465fb3ac510d0543cf2408eda
26607470120,ci-no-onnx,pull_request,completed,action_required,2026-05-28T23:04:40Z,2026-05-28T23:04:40Z,0,204198004586d46465fb3ac510d0543cf2408eda
26607470142,Style,pull_request,completed,action_required,2026-05-28T23:04:40Z,2026-05-28T23:04:40Z,0,204198004586d46465fb3ac510d0543cf2408eda
26607470167,Mypy,pull_request,completed,action_required,2026-05-28T23:04:40Z,2026-05-28T23:04:40Z,0,204198004586d46465fb3ac510d0543cf2408eda
26607470169,Spelling,pull_request,completed,action_required,2026-05-28T23:04:40Z,2026-05-28T23:04:40Z,0,204198004586d46465fb3ac510d0543cf2408eda
26607470114,ci-debug-ubuntu,pull_request,completed,action_required,2026-05-28T23:04:40Z,2026-05-28T23:04:40Z,0,204198004586d46465fb3ac510d0543cf2408eda
26607470138,clang-format,pull_request,completed,action_required,2026-05-28T23:04:40Z,2026-05-28T23:04:40Z,0,204198004586d46465fb3ac510d0543cf2408eda
26607470171,ci-1-core,pull_request,completed,action_required,2026-05-28T23:04:40Z,2026-05-28T23:04:40Z,0,204198004586d46465fb3ac510d0543cf2408eda
26607416276,Spelling,pull_request,completed,success,2026-05-28T23:03:11Z,2026-05-29T07:20:33Z,29842,97190a5759e5d1f3c27c1ba8900ceaa7f0d7b627
26607416432,Style,pull_request,completed,success,2026-05-28T23:03:11Z,2026-05-29T07:20:42Z,29851,97190a5759e5d1f3c27c1ba8900ceaa7f0d7b627
26607416317,clang-format,pull_request,completed,success,2026-05-28T23:03:11Z,2026-05-29T07:20:44Z,29853,97190a5759e5d1f3c27c1ba8900ceaa7f0d7b627
26607416269,Standalone example,pull_request,completed,success,2026-05-28T23:03:11Z,2026-05-29T07:25:02Z,30111,97190a5759e5d1f3c27c1ba8900ceaa7f0d7b627
26607416282,Mypy,pull_request,completed,success,2026-05-28T23:03:11Z,2026-05-29T07:24:53Z,30102,97190a5759e5d1f3c27c1ba8900ceaa7f0d7b627
26607416274,ci-no-onnx,pull_request,completed,success,2026-05-28T23:03:11Z,2026-05-29T07:25:00Z,30109,97190a5759e5d1f3c27c1ba8900ceaa7f0d7b627
26607416453,Pyrefly,pull_request,completed,success,2026-05-28T23:03:11Z,2026-05-29T07:25:31Z,30140,97190a5759e5d1f3c27c1ba8900ceaa7f0d7b627
26607416336,ci-debug-ubuntu,pull_request,completed,success,2026-05-28T23:03:11Z,2026-05-29T07:27:26Z,30255,97190a5759e5d1f3c27c1ba8900ceaa7f0d7b627
26607416283,ci-1-core,pull_request,completed,success,2026-05-28T23:03:11Z,2026-05-29T07:41:01Z,31070,97190a5759e5d1f3c27c1ba8900ceaa7f0d7b627
26607319241,Running Copilot cloud agent,dynamic,completed,success,2026-05-28T23:00:36Z,2026-05-28T23:22:54Z,1338,224074f956802a8308ff51884e02916422774408
26607269786,clang-format,pull_request,completed,success,2026-05-28T22:59:28Z,2026-05-28T23:00:39Z,71,c21830e98e6dc42f660f5764b72424c7e559436f
26607269781,Style,pull_request,completed,success,2026-05-28T22:59:28Z,2026-05-28T23:00:39Z,71,c21830e98e6dc42f660f5764b72424c7e559436f
26607269779,Spelling,pull_request,completed,success,2026-05-28T22:59:28Z,2026-05-28T23:00:40Z,72,c21830e98e6dc42f660f5764b72424c7e559436f
26607269783,ci-1-core,pull_request,completed,success,2026-05-28T22:59:28Z,2026-05-28T23:20:12Z,1244,c21830e98e6dc42f660f5764b72424c7e559436f
26607269784,ci-no-onnx,pull_request,completed,success,2026-05-28T22:59:28Z,2026-05-28T23:05:03Z,335,c21830e98e6dc42f660f5764b72424c7e559436f
26607269804,Pyrefly,pull_request,completed,success,2026-05-28T22:59:28Z,2026-05-28T23:05:10Z,342,c21830e98e6dc42f660f5764b72424c7e559436f
26607269788,Standalone example,pull_request,completed,success,2026-05-28T22:59:28Z,2026-05-28T23:05:22Z,354,c21830e98e6dc42f660f5764b72424c7e559436f
26607269787,Mypy,pull_request,completed,success,2026-05-28T22:59:28Z,2026-05-28T23:05:15Z,347,c21830e98e6dc42f660f5764b72424c7e559436f
26607269785,ci-debug-ubuntu,pull_request,completed,success,2026-05-28T22:59:28Z,2026-05-28T23:07:29Z,481,c21830e98e6dc42f660f5764b72424c7e559436f
26607040894,ci-1-core,pull_request,completed,action_required,2026-05-28T22:53:37Z,2026-05-28T22:53:37Z,0,f597688a2f3abd5240a60f57caaed249834e6ad8
26607040938,ci-no-onnx,pull_request,completed,action_required,2026-05-28T22:53:37Z,2026-05-28T22:53:37Z,0,f597688a2f3abd5240a60f57caaed249834e6ad8
26607040934,Pyrefly,pull_request,completed,action_required,2026-05-28T22:53:37Z,2026-05-28T22:53:37Z,0,f597688a2f3abd5240a60f57caaed249834e6ad8
26607040941,Mypy,pull_request,completed,action_required,2026-05-28T22:53:37Z,2026-05-28T22:53:37Z,0,f597688a2f3abd5240a60f57caaed249834e6ad8
26607040952,Style,pull_request,completed,action_required,2026-05-28T22:53:37Z,2026-05-28T22:53:37Z,0,f597688a2f3abd5240a60f57caaed249834e6ad8
26607041001,clang-format,pull_request,completed,action_required,2026-05-28T22:53:37Z,2026-05-28T22:53:37Z,0,f597688a2f3abd5240a60f57caaed249834e6ad8
26607040530,Spelling,pull_request,completed,action_required,2026-05-28T22:53:36Z,2026-05-28T22:53:36Z,0,f597688a2f3abd5240a60f57caaed249834e6ad8
26607040559,Standalone example,pull_request,completed,action_required,2026-05-28T22:53:36Z,2026-05-28T22:53:36Z,0,f597688a2f3abd5240a60f57caaed249834e6ad8
26607040555,ci-debug-ubuntu,pull_request,completed,action_required,2026-05-28T22:53:36Z,2026-05-28T22:53:36Z,0,f597688a2f3abd5240a60f57caaed249834e6ad8
26606994560,Style,pull_request,completed,action_required,2026-05-28T22:52:23Z,2026-05-28T22:52:23Z,0,3016a5d9b187bbfef73d4791ec1fc1564d1323f1
26606994570,ci-no-onnx,pull_request,completed,action_required,2026-05-28T22:52:23Z,2026-05-28T22:52:23Z,0,3016a5d9b187bbfef73d4791ec1fc1564d1323f1
26606994561,ci-1-core,pull_request,completed,action_required,2026-05-28T22:52:23Z,2026-05-28T22:52:23Z,0,3016a5d9b187bbfef73d4791ec1fc1564d1323f1
26606994584,Mypy,pull_request,completed,action_required,2026-05-28T22:52:23Z,2026-05-28T22:52:23Z,0,3016a5d9b187bbfef73d4791ec1fc1564d1323f1
26606994585,clang-format,pull_request,completed,action_required,2026-05-28T22:52:23Z,2026-05-28T22:52:23Z,0,3016a5d9b187bbfef73d4791ec1fc1564d1323f1
26606994565,ci-debug-ubuntu,pull_request,completed,action_required,2026-05-28T22:52:23Z,2026-05-28T22:52:23Z,0,3016a5d9b187bbfef73d4791ec1fc1564d1323f1
26606994596,Spelling,pull_request,completed,action_required,2026-05-28T22:52:23Z,2026-05-28T22:52:23Z,0,3016a5d9b187bbfef73d4791ec1fc1564d1323f1
26606994611,Standalone example,pull_request,completed,action_required,2026-05-28T22:52:23Z,2026-05-28T22:52:23Z,0,3016a5d9b187bbfef73d4791ec1fc1564d1323f1
26606994609,Pyrefly,pull_request,completed,action_required,2026-05-28T22:52:23Z,2026-05-28T22:52:23Z,0,3016a5d9b187bbfef73d4791ec1fc1564d1323f1
26606961787,Running Copilot cloud agent,dynamic,completed,success,2026-05-28T22:51:35Z,2026-05-28T23:12:11Z,1236,cb6340b63cb11a0a626bdadd6e8e3b7edeb81e74
26606937713,Mypy,pull_request,completed,action_required,2026-05-28T22:51:00Z,2026-05-28T22:51:00Z,0,5b9e82a58b30b9543d8eb84aa7cdc4a3bbe9ee2e
26606937724,ci-no-onnx,pull_request,completed,action_required,2026-05-28T22:51:00Z,2026-05-28T22:51:00Z,0,5b9e82a58b30b9543d8eb84aa7cdc4a3bbe9ee2e
26606937732,Style,pull_request,completed,action_required,2026-05-28T22:51:00Z,2026-05-28T22:51:00Z,0,5b9e82a58b30b9543d8eb84aa7cdc4a3bbe9ee2e
26606937736,clang-format,pull_request,completed,action_required,2026-05-28T22:51:00Z,2026-05-28T22:51:00Z,0,5b9e82a58b30b9543d8eb84aa7cdc4a3bbe9ee2e
26606937723,Pyrefly,pull_request,completed,action_required,2026-05-28T22:51:00Z,2026-05-28T22:51:00Z,0,5b9e82a58b30b9543d8eb84aa7cdc4a3bbe9ee2e
26606937720,ci-debug-ubuntu,pull_request,completed,action_required,2026-05-28T22:51:00Z,2026-05-28T22:51:00Z,0,5b9e82a58b30b9543d8eb84aa7cdc4a3bbe9ee2e
26606937726,Spelling,pull_request,completed,action_required,2026-05-28T22:51:00Z,2026-05-28T22:51:00Z,0,5b9e82a58b30b9543d8eb84aa7cdc4a3bbe9ee2e
26606937741,ci-1-core,pull_request,completed,action_required,2026-05-28T22:51:00Z,2026-05-28T22:51:00Z,0,5b9e82a58b30b9543d8eb84aa7cdc4a3bbe9ee2e
26606937756,Standalone example,pull_request,completed,action_required,2026-05-28T22:51:00Z,2026-05-28T22:51:00Z,0,5b9e82a58b30b9543d8eb84aa7cdc4a3bbe9ee2e
26606936755,Running Copilot cloud agent,dynamic,completed,success,2026-05-28T22:50:58Z,2026-05-28T23:12:41Z,1303,5b9e82a58b30b9543d8eb84aa7cdc4a3bbe9ee2e
26606920393,clang-format,pull_request,completed,success,2026-05-28T22:50:33Z,2026-05-28T22:59:11Z,518,7f7359cbaf5e6254c8e0e47bde55033a340c1af4
26606920397,Spelling,pull_request,completed,success,2026-05-28T22:50:33Z,2026-05-28T22:59:07Z,514,7f7359cbaf5e6254c8e0e47bde55033a340c1af4
26606920432,Style,pull_request,completed,success,2026-05-28T22:50:33Z,2026-05-28T22:59:07Z,514,7f7359cbaf5e6254c8e0e47bde55033a340c1af4
26606920446,ci-no-onnx,pull_request,completed,success,2026-05-28T22:50:33Z,2026-05-28T23:03:34Z,781,7f7359cbaf5e6254c8e0e47bde55033a340c1af4
26606920434,Standalone example,pull_request,completed,success,2026-05-28T22:50:33Z,2026-05-28T23:03:25Z,772,7f7359cbaf5e6254c8e0e47bde55033a340c1af4
26606920436,Mypy,pull_request,completed,success,2026-05-28T22:50:33Z,2026-05-28T23:03:35Z,782,7f7359cbaf5e6254c8e0e47bde55033a340c1af4
26606920395,Pyrefly,pull_request,completed,success,2026-05-28T22:50:33Z,2026-05-28T23:03:36Z,783,7f7359cbaf5e6254c8e0e47bde55033a340c1af4
26606920420,ci-debug-ubuntu,pull_request,completed,success,2026-05-28T22:50:33Z,2026-05-28T23:05:40Z,907,7f7359cbaf5e6254c8e0e47bde55033a340c1af4
26606920402,Documentation,pull_request,completed,success,2026-05-28T22:50:33Z,2026-05-28T23:07:13Z,1000,7f7359cbaf5e6254c8e0e47bde55033a340c1af4
26606920419,ci-1-core,pull_request,completed,success,2026-05-28T22:50:33Z,2026-05-28T23:08:47Z,1094,7f7359cbaf5e6254c8e0e47bde55033a340c1af4
26606914929,Running Copilot cloud agent,dynamic,completed,success,2026-05-28T22:50:24Z,2026-05-28T23:12:53Z,1349,2d082af5a180644dbc5392380e3976267e054471
26606879461,Running Copilot cloud agent,dynamic,completed,success,2026-05-28T22:49:32Z,2026-05-28T23:00:00Z,628,0993ce682a2bd36b721a4dcc937324424b8be7a1
26606865509,Running Copilot cloud agent,dynamic,completed,success,2026-05-28T22:49:12Z,2026-05-28T22:50:53Z,101,643c2b2ee1a6f69fed57e67f3c252304083c8bd0
26603662298,Build,workflow_run,completed,success,2026-05-28T21:35:22Z,2026-05-28T22:09:23Z,2041,1a5898dd9a4daf1f3d2e153023117ec60a8610bf
26602703165,ci-no-onnx,push,completed,success,2026-05-28T21:14:55Z,2026-05-28T21:19:35Z,280,1a5898dd9a4daf1f3d2e153023117ec60a8610bf
26602703168,Pyrefly,push,completed,success,2026-05-28T21:14:55Z,2026-05-28T21:19:20Z,265,1a5898dd9a4daf1f3d2e153023117ec60a8610bf
26602703197,Mypy,push,completed,success,2026-05-28T21:14:55Z,2026-05-28T21:19:54Z,299,1a5898dd9a4daf1f3d2e153023117ec60a8610bf
26602703123,Standalone example,push,completed,success,2026-05-28T21:14:55Z,2026-05-28T21:19:38Z,283,1a5898dd9a4daf1f3d2e153023117ec60a8610bf
26602703081,ci-debug-ubuntu,push,completed,success,2026-05-28T21:14:55Z,2026-05-28T21:21:42Z,407,1a5898dd9a4daf1f3d2e153023117ec60a8610bf
26602703164,Documentation,push,completed,success,2026-05-28T21:14:55Z,2026-05-28T21:23:52Z,537,1a5898dd9a4daf1f3d2e153023117ec60a8610bf
26602703121,ci-1-core,push,completed,success,2026-05-28T21:14:55Z,2026-05-28T21:35:20Z,1225,1a5898dd9a4daf1f3d2e153023117ec60a8610bf
26602703171,clang-format,push,completed,success,2026-05-28T21:14:55Z,2026-05-28T21:15:07Z,12,1a5898dd9a4daf1f3d2e153023117ec60a8610bf
26602703192,Spelling,push,completed,success,2026-05-28T21:14:55Z,2026-05-28T21:15:08Z,13,1a5898dd9a4daf1f3d2e153023117ec60a8610bf
26602703170,Style,push,completed,success,2026-05-28T21:14:55Z,2026-05-28T21:15:08Z,13,1a5898dd9a4daf1f3d2e153023117ec60a8610bf
26600168362,Build,workflow_run,completed,action_required,2026-05-28T20:25:25Z,2026-05-28T20:25:25Z,0,c77b5ad3e43f9595d8c9ec92eb00be452fe0611b
26641661267,Build,workflow_run,completed,action_required,2026-05-29T14:00:35Z,2026-05-29T14:00:35Z,0,496bdd5f99872681c3f4e0a05aa000effb99bf79
26641627773,ci-debug-ubuntu,pull_request,completed,action_required,2026-05-29T14:00:01Z,2026-05-29T14:00:01Z,0,129e48a51b0433676a093fcafbc16d02e5a3263f
26641627758,ci-no-onnx,pull_request,completed,action_required,2026-05-29T14:00:01Z,2026-05-29T14:00:01Z,0,129e48a51b0433676a093fcafbc16d02e5a3263f
26641627777,Pyrefly,pull_request,completed,action_required,2026-05-29T14:00:01Z,2026-05-29T14:00:01Z,0,129e48a51b0433676a093fcafbc16d02e5a3263f
26641627828,Style,pull_request,completed,action_required,2026-05-29T14:00:01Z,2026-05-29T14:00:01Z,0,129e48a51b0433676a093fcafbc16d02e5a3263f
26641627786,Standalone example,pull_request,completed,action_required,2026-05-29T14:00:01Z,2026-05-29T14:00:01Z,0,129e48a51b0433676a093fcafbc16d02e5a3263f
26641627782,ci-1-core,pull_request,completed,action_required,2026-05-29T14:00:01Z,2026-05-29T14:00:01Z,0,129e48a51b0433676a093fcafbc16d02e5a3263f
26641627818,Spelling,pull_request,completed,action_required,2026-05-29T14:00:01Z,2026-05-29T14:00:01Z,0,129e48a51b0433676a093fcafbc16d02e5a3263f
26641627739,Mypy,pull_request,completed,action_required,2026-05-29T14:00:00Z,2026-05-29T14:00:00Z,0,129e48a51b0433676a093fcafbc16d02e5a3263f
26641627753,clang-format,pull_request,completed,action_required,2026-05-29T14:00:00Z,2026-05-29T14:00:00Z,0,129e48a51b0433676a093fcafbc16d02e5a3263f
26641624109,Build,workflow_run,completed,skipped,2026-05-29T13:59:56Z,2026-05-29T13:59:58Z,2,496bdd5f99872681c3f4e0a05aa000effb99bf79
26641594322,Style,push,completed,success,2026-05-29T13:59:21Z,2026-05-29T13:59:32Z,11,496bdd5f99872681c3f4e0a05aa000effb99bf79
26641594311,clang-format,push,completed,success,2026-05-29T13:59:21Z,2026-05-29T13:59:33Z,12,496bdd5f99872681c3f4e0a05aa000effb99bf79
26641594250,Spelling,push,completed,success,2026-05-29T13:59:21Z,2026-05-29T13:59:37Z,16,496bdd5f99872681c3f4e0a05aa000effb99bf79
26641511220,Addressing comment on PR #1286,dynamic,completed,success,2026-05-29T13:57:45Z,2026-05-29T14:00:29Z,164,b7599aa6900770c8ef8f947e39b2f4952021b160
26641500241,Style,pull_request,completed,success,2026-05-29T13:57:32Z,2026-05-29T13:59:18Z,106,a53068ddfccdd7d607518e62b3fda84a2b7ea510
26641500243,clang-format,pull_request,completed,success,2026-05-29T13:57:32Z,2026-05-29T13:59:17Z,105,a53068ddfccdd7d607518e62b3fda84a2b7ea510
26641500234,Spelling,pull_request,completed,success,2026-05-29T13:57:32Z,2026-05-29T13:59:15Z,103,a53068ddfccdd7d607518e62b3fda84a2b7ea510
26641388101,Build,workflow_run,completed,action_required,2026-05-29T13:55:18Z,2026-05-29T13:55:18Z,0,5e3c232b61ecad87426b8dd5457160c1fb4e9e8e
26640884501,Build,workflow_run,completed,skipped,2026-05-29T13:45:19Z,2026-05-29T13:45:21Z,2,5e3c232b61ecad87426b8dd5457160c1fb4e9e8e
26640878603,Spelling,push,completed,success,2026-05-29T13:45:13Z,2026-05-29T13:45:23Z,10,5e3c232b61ecad87426b8dd5457160c1fb4e9e8e
26640878686,clang-format,push,completed,success,2026-05-29T13:45:13Z,2026-05-29T13:45:28Z,15,5e3c232b61ecad87426b8dd5457160c1fb4e9e8e
26640878675,Style,push,completed,success,2026-05-29T13:45:13Z,2026-05-29T13:45:28Z,15,5e3c232b61ecad87426b8dd5457160c1fb4e9e8e
26640878849,ci-no-onnx,push,completed,success,2026-05-29T13:45:13Z,2026-05-29T13:50:44Z,331,5e3c232b61ecad87426b8dd5457160c1fb4e9e8e
26640878777,Mypy,push,completed,success,2026-05-29T13:45:13Z,2026-05-29T13:50:48Z,335,5e3c232b61ecad87426b8dd5457160c1fb4e9e8e
26640878619,Standalone example,push,completed,success,2026-05-29T13:45:13Z,2026-05-29T13:50:38Z,325,5e3c232b61ecad87426b8dd5457160c1fb4e9e8e
26640878676,Pyrefly,push,completed,success,2026-05-29T13:45:13Z,2026-05-29T13:50:40Z,327,5e3c232b61ecad87426b8dd5457160c1fb4e9e8e
26640878725,ci-debug-ubuntu,push,completed,success,2026-05-29T13:45:13Z,2026-05-29T13:52:30Z,437,5e3c232b61ecad87426b8dd5457160c1fb4e9e8e
26640878628,ci-1-core,push,completed,cancelled,2026-05-29T13:45:13Z,2026-05-29T13:59:53Z,880,5e3c232b61ecad87426b8dd5457160c1fb4e9e8e
26640878203,Build,workflow_run,completed,skipped,2026-05-29T13:45:12Z,2026-05-29T13:45:14Z,2,5e3c232b61ecad87426b8dd5457160c1fb4e9e8e
26640860648,Style,push,completed,success,2026-05-29T13:44:53Z,2026-05-29T13:45:03Z,10,d77789c7a5a49064c37e7f4ed247892c03f88db9
26640860560,clang-format,push,completed,success,2026-05-29T13:44:53Z,2026-05-29T13:45:04Z,11,d77789c7a5a49064c37e7f4ed247892c03f88db9
26640860618,Spelling,push,completed,success,2026-05-29T13:44:53Z,2026-05-29T13:45:03Z,10,d77789c7a5a49064c37e7f4ed247892c03f88db9
26640860619,Standalone example,push,completed,cancelled,2026-05-29T13:44:53Z,2026-05-29T13:45:30Z,37,d77789c7a5a49064c37e7f4ed247892c03f88db9
26640860469,ci-no-onnx,push,completed,cancelled,2026-05-29T13:44:52Z,2026-05-29T13:45:30Z,38,d77789c7a5a49064c37e7f4ed247892c03f88db9
26640860551,Pyrefly,push,completed,cancelled,2026-05-29T13:44:52Z,2026-05-29T13:45:30Z,38,d77789c7a5a49064c37e7f4ed247892c03f88db9
26640860482,Mypy,push,completed,cancelled,2026-05-29T13:44:52Z,2026-05-29T13:45:30Z,38,d77789c7a5a49064c37e7f4ed247892c03f88db9
26640860463,ci-1-core,push,completed,cancelled,2026-05-29T13:44:52Z,2026-05-29T13:45:17Z,25,d77789c7a5a49064c37e7f4ed247892c03f88db9
26640860493,ci-debug-ubuntu,push,completed,cancelled,2026-05-29T13:44:52Z,2026-05-29T13:45:18Z,26,d77789c7a5a49064c37e7f4ed247892c03f88db9
26640817787,clang-format,pull_request,completed,action_required,2026-05-29T13:43:59Z,2026-05-29T13:43:59Z,0,42d05670daf9f8e7948ecf10b7a4a8dceeafcad4
26640817862,Mypy,pull_request,completed,action_required,2026-05-29T13:43:59Z,2026-05-29T13:43:59Z,0,42d05670daf9f8e7948ecf10b7a4a8dceeafcad4
26640817805,ci-1-core,pull_request,completed,action_required,2026-05-29T13:43:59Z,2026-05-29T13:43:59Z,0,42d05670daf9f8e7948ecf10b7a4a8dceeafcad4
26640817777,ci-no-onnx,pull_request,completed,action_required,2026-05-29T13:43:59Z,2026-05-29T13:43:59Z,0,42d05670daf9f8e7948ecf10b7a4a8dceeafcad4
26640817788,Style,pull_request,completed,action_required,2026-05-29T13:43:59Z,2026-05-29T13:43:59Z,0,42d05670daf9f8e7948ecf10b7a4a8dceeafcad4
26640817808,Pyrefly,pull_request,completed,action_required,2026-05-29T13:43:59Z,2026-05-29T13:43:59Z,0,42d05670daf9f8e7948ecf10b7a4a8dceeafcad4
26640817827,ci-debug-ubuntu,pull_request,completed,action_required,2026-05-29T13:43:59Z,2026-05-29T13:43:59Z,0,42d05670daf9f8e7948ecf10b7a4a8dceeafcad4
26640817831,Standalone example,pull_request,completed,action_required,2026-05-29T13:43:59Z,2026-05-29T13:43:59Z,0,42d05670daf9f8e7948ecf10b7a4a8dceeafcad4
26640817900,Spelling,pull_request,completed,action_required,2026-05-29T13:43:59Z,2026-05-29T13:43:59Z,0,42d05670daf9f8e7948ecf10b7a4a8dceeafcad4
26640817442,Running Copilot cloud agent,dynamic,completed,success,2026-05-29T13:43:58Z,2026-05-29T13:57:44Z,826,42d05670daf9f8e7948ecf10b7a4a8dceeafcad4
26640782386,Build,workflow_run,completed,action_required,2026-05-29T13:43:17Z,2026-05-29T13:43:17Z,0,7975d598649ccb9b1cc76c242381b72bdb059506
26640571776,Build,workflow_run,completed,skipped,2026-05-29T13:39:04Z,2026-05-29T13:39:06Z,2,7975d598649ccb9b1cc76c242381b72bdb059506
26640559485,Style,push,completed,success,2026-05-29T13:38:50Z,2026-05-29T13:39:11Z,21,7975d598649ccb9b1cc76c242381b72bdb059506
26640559507,clang-format,push,completed,success,2026-05-29T13:38:50Z,2026-05-29T13:39:03Z,13,7975d598649ccb9b1cc76c242381b72bdb059506
26640559468,Spelling,push,completed,success,2026-05-29T13:38:50Z,2026-05-29T13:39:18Z,28,7975d598649ccb9b1cc76c242381b72bdb059506
26640559524,Standalone example,push,completed,success,2026-05-29T13:38:50Z,2026-05-29T13:43:01Z,251,7975d598649ccb9b1cc76c242381b72bdb059506
26640559467,ci-no-onnx,push,completed,success,2026-05-29T13:38:50Z,2026-05-29T13:43:46Z,296,7975d598649ccb9b1cc76c242381b72bdb059506
26640559708,Pyrefly,push,completed,success,2026-05-29T13:38:50Z,2026-05-29T13:43:57Z,307,7975d598649ccb9b1cc76c242381b72bdb059506
26640559497,Mypy,push,completed,success,2026-05-29T13:38:50Z,2026-05-29T13:44:01Z,311,7975d598649ccb9b1cc76c242381b72bdb059506
26640559490,ci-debug-ubuntu,push,completed,cancelled,2026-05-29T13:38:50Z,2026-05-29T13:45:09Z,379,7975d598649ccb9b1cc76c242381b72bdb059506
26640559466,ci-1-core,push,completed,cancelled,2026-05-29T13:38:50Z,2026-05-29T13:45:10Z,380,7975d598649ccb9b1cc76c242381b72bdb059506
26640526651,Mypy,pull_request,completed,action_required,2026-05-29T13:38:11Z,2026-05-29T13:38:11Z,0,b7599aa6900770c8ef8f947e39b2f4952021b160
26640526680,clang-format,pull_request,completed,action_required,2026-05-29T13:38:11Z,2026-05-29T13:38:11Z,0,b7599aa6900770c8ef8f947e39b2f4952021b160
26640526637,Pyrefly,pull_request,completed,action_required,2026-05-29T13:38:11Z,2026-05-29T13:38:11Z,0,b7599aa6900770c8ef8f947e39b2f4952021b160
26640526688,Spelling,pull_request,completed,action_required,2026-05-29T13:38:11Z,2026-05-29T13:38:11Z,0,b7599aa6900770c8ef8f947e39b2f4952021b160
26640526652,Standalone example,pull_request,completed,action_required,2026-05-29T13:38:11Z,2026-05-29T13:38:11Z,0,b7599aa6900770c8ef8f947e39b2f4952021b160
26640526700,ci-debug-ubuntu,pull_request,completed,action_required,2026-05-29T13:38:11Z,2026-05-29T13:38:11Z,0,b7599aa6900770c8ef8f947e39b2f4952021b160
26640526712,Style,pull_request,completed,action_required,2026-05-29T13:38:11Z,2026-05-29T13:38:11Z,0,b7599aa6900770c8ef8f947e39b2f4952021b160
26640526747,ci-1-core,pull_request,completed,action_required,2026-05-29T13:38:11Z,2026-05-29T13:38:11Z,0,b7599aa6900770c8ef8f947e39b2f4952021b160
26640526691,ci-no-onnx,pull_request,completed,action_required,2026-05-29T13:38:11Z,2026-05-29T13:38:11Z,0,b7599aa6900770c8ef8f947e39b2f4952021b160
26640524754,Running Copilot cloud agent,dynamic,completed,success,2026-05-29T13:38:09Z,2026-05-29T13:51:18Z,789,b7599aa6900770c8ef8f947e39b2f4952021b160
26640465950,Build,workflow_run,completed,action_required,2026-05-29T13:37:00Z,2026-05-29T13:37:00Z,0,6a952987a2d47216fea8b497d1eab956fb90b21c
26640439752,clang-format,pull_request,completed,success,2026-05-29T13:36:29Z,2026-05-29T13:43:31Z,422,e61ee35f4e4e5bff11f6ff6db868554fc8e8c0a9
26640439704,Mypy,pull_request,completed,success,2026-05-29T13:36:29Z,2026-05-29T13:44:43Z,494,e61ee35f4e4e5bff11f6ff6db868554fc8e8c0a9
26640439712,ci-no-onnx,pull_request,completed,success,2026-05-29T13:36:29Z,2026-05-29T13:47:47Z,678,e61ee35f4e4e5bff11f6ff6db868554fc8e8c0a9
26640439711,ci-debug-ubuntu,pull_request,completed,success,2026-05-29T13:36:29Z,2026-05-29T13:48:40Z,731,e61ee35f4e4e5bff11f6ff6db868554fc8e8c0a9
26640439578,clang-format,pull_request,completed,success,2026-05-29T13:36:28Z,2026-05-29T13:38:51Z,143,3cf79fa2f93aff09670e786abf75a50d9e39d98a
26640438959,Style,pull_request,completed,success,2026-05-29T13:36:28Z,2026-05-29T13:38:49Z,141,3cf79fa2f93aff09670e786abf75a50d9e39d98a
26640439482,Spelling,pull_request,completed,success,2026-05-29T13:36:28Z,2026-05-29T13:38:49Z,141,3cf79fa2f93aff09670e786abf75a50d9e39d98a
26640439371,Spelling,pull_request,completed,success,2026-05-29T13:36:28Z,2026-05-29T13:39:44Z,196,e61ee35f4e4e5bff11f6ff6db868554fc8e8c0a9
26640439508,Style,pull_request,completed,success,2026-05-29T13:36:28Z,2026-05-29T13:39:52Z,204,e61ee35f4e4e5bff11f6ff6db868554fc8e8c0a9
26640439071,Standalone example,pull_request,completed,success,2026-05-29T13:36:28Z,2026-05-29T13:43:17Z,409,3cf79fa2f93aff09670e786abf75a50d9e39d98a
26640439033,ci-no-onnx,pull_request,completed,success,2026-05-29T13:36:28Z,2026-05-29T13:43:34Z,426,3cf79fa2f93aff09670e786abf75a50d9e39d98a
26640439504,Pyrefly,pull_request,completed,success,2026-05-29T13:36:28Z,2026-05-29T13:43:23Z,415,3cf79fa2f93aff09670e786abf75a50d9e39d98a
26640439349,Mypy,pull_request,completed,success,2026-05-29T13:36:28Z,2026-05-29T13:43:24Z,416,3cf79fa2f93aff09670e786abf75a50d9e39d98a
26640439426,Pyrefly,pull_request,completed,success,2026-05-29T13:36:28Z,2026-05-29T13:44:08Z,460,e61ee35f4e4e5bff11f6ff6db868554fc8e8c0a9
26640439559,ci-debug-ubuntu,pull_request,completed,success,2026-05-29T13:36:28Z,2026-05-29T13:45:23Z,535,3cf79fa2f93aff09670e786abf75a50d9e39d98a
26640439600,Standalone example,pull_request,completed,success,2026-05-29T13:36:28Z,2026-05-29T13:45:05Z,517,e61ee35f4e4e5bff11f6ff6db868554fc8e8c0a9
26640439611,ci-1-core,pull_request,completed,success,2026-05-29T13:36:28Z,2026-05-29T14:00:32Z,1444,3cf79fa2f93aff09670e786abf75a50d9e39d98a
26640011400,Spelling,pull_request,completed,success,2026-05-29T13:27:51Z,2026-05-29T13:34:09Z,378,a29cea852b112ed4bd9064e9254ea7348adb3620
26640011475,Style,pull_request,completed,success,2026-05-29T13:27:51Z,2026-05-29T13:34:11Z,380,a29cea852b112ed4bd9064e9254ea7348adb3620
26640011399,clang-format,pull_request,completed,success,2026-05-29T13:27:51Z,2026-05-29T13:34:11Z,380,a29cea852b112ed4bd9064e9254ea7348adb3620
26640011419,ci-no-onnx,pull_request,completed,success,2026-05-29T13:27:51Z,2026-05-29T13:37:54Z,603,a29cea852b112ed4bd9064e9254ea7348adb3620
26640011381,Pyrefly,pull_request,completed,success,2026-05-29T13:27:51Z,2026-05-29T13:39:06Z,675,a29cea852b112ed4bd9064e9254ea7348adb3620
26640011469,Standalone example,pull_request,completed,success,2026-05-29T13:27:51Z,2026-05-29T13:39:26Z,695,a29cea852b112ed4bd9064e9254ea7348adb3620
26640011428,Mypy,pull_request,completed,success,2026-05-29T13:27:51Z,2026-05-29T13:39:08Z,677,a29cea852b112ed4bd9064e9254ea7348adb3620
26640011437,ci-debug-ubuntu,pull_request,completed,success,2026-05-29T13:27:51Z,2026-05-29T13:41:26Z,815,a29cea852b112ed4bd9064e9254ea7348adb3620
26640011423,ci-1-core,pull_request,completed,success,2026-05-29T13:27:51Z,2026-05-29T13:55:13Z,1642,a29cea852b112ed4bd9064e9254ea7348adb3620
26640006835,Addressing comment on PR #1278,dynamic,completed,success,2026-05-29T13:27:45Z,2026-05-29T13:36:36Z,531,2d54e11017258caaff74c3a6dbae8d9c67243099
26639754692,Addressing comment on PR #1280,dynamic,completed,success,2026-05-29T13:22:39Z,2026-05-29T13:24:04Z,85,b08e6d3a5d7a9e013cc86de45eff23109c639702
26639739764,ci-no-onnx,pull_request,completed,success,2026-05-29T13:22:20Z,2026-05-29T13:28:30Z,370,b08e6d3a5d7a9e013cc86de45eff23109c639702
26639739711,Standalone example,pull_request,completed,success,2026-05-29T13:22:20Z,2026-05-29T13:28:27Z,367,b08e6d3a5d7a9e013cc86de45eff23109c639702
26639739753,Spelling,pull_request,completed,success,2026-05-29T13:22:20Z,2026-05-29T13:23:34Z,74,b08e6d3a5d7a9e013cc86de45eff23109c639702
26639739757,Style,pull_request,completed,success,2026-05-29T13:22:20Z,2026-05-29T13:23:35Z,75,b08e6d3a5d7a9e013cc86de45eff23109c639702
26639739742,clang-format,pull_request,completed,success,2026-05-29T13:22:20Z,2026-05-29T13:23:43Z,83,b08e6d3a5d7a9e013cc86de45eff23109c639702
26639739705,Pyrefly,pull_request,completed,success,2026-05-29T13:22:20Z,2026-05-29T13:28:06Z,346,b08e6d3a5d7a9e013cc86de45eff23109c639702
26639739801,Mypy,pull_request,completed,success,2026-05-29T13:22:20Z,2026-05-29T13:28:38Z,378,b08e6d3a5d7a9e013cc86de45eff23109c639702
26639739829,ci-debug-ubuntu,pull_request,completed,success,2026-05-29T13:22:20Z,2026-05-29T13:30:33Z,493,b08e6d3a5d7a9e013cc86de45eff23109c639702
26639739771,ci-1-core,pull_request,completed,success,2026-05-29T13:22:20Z,2026-05-29T13:43:14Z,1254,b08e6d3a5d7a9e013cc86de45eff23109c639702
26639624632,Mypy,pull_request,completed,action_required,2026-05-29T13:19:59Z,2026-05-29T13:19:59Z,0,be97cb87973d80f5c6288098de8fa4937a51f685
26639624691,Standalone example,pull_request,completed,action_required,2026-05-29T13:19:59Z,2026-05-29T13:19:59Z,0,be97cb87973d80f5c6288098de8fa4937a51f685
26639624708,ci-1-core,pull_request,completed,action_required,2026-05-29T13:19:59Z,2026-05-29T13:19:59Z,0,be97cb87973d80f5c6288098de8fa4937a51f685
26639624702,Spelling,pull_request,completed,action_required,2026-05-29T13:19:59Z,2026-05-29T13:19:59Z,0,be97cb87973d80f5c6288098de8fa4937a51f685
26639624652,Pyrefly,pull_request,completed,action_required,2026-05-29T13:19:59Z,2026-05-29T13:19:59Z,0,be97cb87973d80f5c6288098de8fa4937a51f685
26639624666,clang-format,pull_request,completed,action_required,2026-05-29T13:19:59Z,2026-05-29T13:19:59Z,0,be97cb87973d80f5c6288098de8fa4937a51f685
26639624752,Style,pull_request,completed,action_required,2026-05-29T13:19:59Z,2026-05-29T13:19:59Z,0,be97cb87973d80f5c6288098de8fa4937a51f685
26639624636,ci-debug-ubuntu,pull_request,completed,action_required,2026-05-29T13:19:59Z,2026-05-29T13:19:59Z,0,be97cb87973d80f5c6288098de8fa4937a51f685
26639625009,ci-no-onnx,pull_request,completed,action_required,2026-05-29T13:19:59Z,2026-05-29T13:19:59Z,0,be97cb87973d80f5c6288098de8fa4937a51f685
26639623367,Running Copilot cloud agent,dynamic,completed,success,2026-05-29T13:19:57Z,2026-05-29T13:37:09Z,1032,be97cb87973d80f5c6288098de8fa4937a51f685
26639496089,Build,workflow_run,completed,action_required,2026-05-29T13:17:19Z,2026-05-29T13:17:19Z,0,6a952987a2d47216fea8b497d1eab956fb90b21c
26639477847,Addressing comment on PR #1280,dynamic,completed,success,2026-05-29T13:16:57Z,2026-05-29T13:22:33Z,336,88ff9d09e1a4976e7fa5a5b9ff2d31465de7fdf2
26639472571,Build,workflow_run,completed,action_required,2026-05-29T13:16:51Z,2026-05-29T13:16:51Z,0,6a952987a2d47216fea8b497d1eab956fb90b21c
26639467556,Addressing comment on PR #1276,dynamic,completed,success,2026-05-29T13:16:45Z,2026-05-29T13:28:12Z,687,e3b85dedcfeb1a5eaead1042770919e62ced708e
26639463505,Build,workflow_run,completed,skipped,2026-05-29T13:16:40Z,2026-05-29T13:16:42Z,2,6a952987a2d47216fea8b497d1eab956fb90b21c
26639445560,Pyrefly,push,completed,success,2026-05-29T13:16:18Z,2026-05-29T13:21:34Z,316,6a952987a2d47216fea8b497d1eab956fb90b21c
26639445574,ci-1-core,push,completed,cancelled,2026-05-29T13:16:18Z,2026-05-29T13:39:01Z,1363,6a952987a2d47216fea8b497d1eab956fb90b21c
26639445438,Standalone example,push,completed,success,2026-05-29T13:16:17Z,2026-05-29T13:21:30Z,313,6a952987a2d47216fea8b497d1eab956fb90b21c
26639445296,Mypy,push,completed,success,2026-05-29T13:16:17Z,2026-05-29T13:21:32Z,315,6a952987a2d47216fea8b497d1eab956fb90b21c
26639445479,ci-no-onnx,push,completed,success,2026-05-29T13:16:17Z,2026-05-29T13:21:32Z,315,6a952987a2d47216fea8b497d1eab956fb90b21c
26639445415,ci-debug-ubuntu,push,completed,success,2026-05-29T13:16:17Z,2026-05-29T13:23:23Z,426,6a952987a2d47216fea8b497d1eab956fb90b21c
26639445424,clang-format,push,completed,success,2026-05-29T13:16:17Z,2026-05-29T13:16:32Z,15,6a952987a2d47216fea8b497d1eab956fb90b21c
26639445353,Style,push,completed,success,2026-05-29T13:16:17Z,2026-05-29T13:16:33Z,16,6a952987a2d47216fea8b497d1eab956fb90b21c
26639445166,Spelling,push,completed,success,2026-05-29T13:16:17Z,2026-05-29T13:16:29Z,12,6a952987a2d47216fea8b497d1eab956fb90b21c
26639439956,Build,workflow_run,completed,skipped,2026-05-29T13:16:11Z,2026-05-29T13:16:13Z,2,60383436780fc1e6021e91c99c9ce341e97d98aa
26639428455,clang-format,push,completed,success,2026-05-29T13:15:57Z,2026-05-29T13:16:11Z,14,60383436780fc1e6021e91c99c9ce341e97d98aa
26639428350,Standalone example,push,completed,cancelled,2026-05-29T13:15:57Z,2026-05-29T13:16:24Z,27,60383436780fc1e6021e91c99c9ce341e97d98aa
26639428311,ci-debug-ubuntu,push,completed,cancelled,2026-05-29T13:15:57Z,2026-05-29T13:16:35Z,38,60383436780fc1e6021e91c99c9ce341e97d98aa
26639428287,Pyrefly,push,completed,cancelled,2026-05-29T13:15:57Z,2026-05-29T13:16:35Z,38,60383436780fc1e6021e91c99c9ce341e97d98aa
26639428331,ci-no-onnx,push,completed,cancelled,2026-05-29T13:15:57Z,2026-05-29T13:16:35Z,38,60383436780fc1e6021e91c99c9ce341e97d98aa
26639428295,Mypy,push,completed,cancelled,2026-05-29T13:15:57Z,2026-05-29T13:16:35Z,38,60383436780fc1e6021e91c99c9ce341e97d98aa
26639428401,ci-1-core,push,completed,cancelled,2026-05-29T13:15:57Z,2026-05-29T13:16:36Z,39,60383436780fc1e6021e91c99c9ce341e97d98aa
26639428296,Spelling,push,completed,success,2026-05-29T13:15:57Z,2026-05-29T13:16:08Z,11,60383436780fc1e6021e91c99c9ce341e97d98aa
26639428309,Style,push,completed,success,2026-05-29T13:15:57Z,2026-05-29T13:16:10Z,13,60383436780fc1e6021e91c99c9ce341e97d98aa
26638475030,Spelling,push,completed,success,2026-05-29T12:55:32Z,2026-05-29T12:55:44Z,12,b1bb48d98c229dac8bf9fa7038ec671b569af65c
26638474993,Style,push,completed,success,2026-05-29T12:55:32Z,2026-05-29T12:55:45Z,13,b1bb48d98c229dac8bf9fa7038ec671b569af65c
26638474892,clang-format,push,completed,success,2026-05-29T12:55:32Z,2026-05-29T12:55:57Z,25,b1bb48d98c229dac8bf9fa7038ec671b569af65c
26638475013,ci-no-onnx,push,completed,success,2026-05-29T12:55:32Z,2026-05-29T12:59:44Z,252,b1bb48d98c229dac8bf9fa7038ec671b569af65c
26638475101,Mypy,push,completed,success,2026-05-29T12:55:32Z,2026-05-29T13:00:24Z,292,b1bb48d98c229dac8bf9fa7038ec671b569af65c
26638474891,Pyrefly,push,completed,success,2026-05-29T12:55:32Z,2026-05-29T13:00:31Z,299,b1bb48d98c229dac8bf9fa7038ec671b569af65c
26638474949,Standalone example,push,completed,success,2026-05-29T12:55:32Z,2026-05-29T13:00:32Z,300,b1bb48d98c229dac8bf9fa7038ec671b569af65c
26638475113,ci-debug-ubuntu,push,completed,success,2026-05-29T12:55:32Z,2026-05-29T13:02:36Z,424,b1bb48d98c229dac8bf9fa7038ec671b569af65c
26638474947,ci-1-core,push,completed,cancelled,2026-05-29T12:55:32Z,2026-05-29T13:16:08Z,1236,b1bb48d98c229dac8bf9fa7038ec671b569af65c
26630218488,Style,pull_request,completed,success,2026-05-29T09:44:22Z,2026-05-29T13:17:56Z,12814,e7f1633416d74f977f34d30f4a308e08618d8d14
26630218500,clang-format,pull_request,completed,success,2026-05-29T09:44:22Z,2026-05-29T13:17:58Z,12816,e7f1633416d74f977f34d30f4a308e08618d8d14
26630218489,Spelling,pull_request,completed,success,2026-05-29T09:44:22Z,2026-05-29T13:17:55Z,12813,e7f1633416d74f977f34d30f4a308e08618d8d14
26630218536,Pyrefly,pull_request,completed,success,2026-05-29T09:44:22Z,2026-05-29T13:22:20Z,13078,e7f1633416d74f977f34d30f4a308e08618d8d14
26630218519,ci-no-onnx,pull_request,completed,success,2026-05-29T09:44:22Z,2026-05-29T13:22:51Z,13109,e7f1633416d74f977f34d30f4a308e08618d8d14
26630218665,Mypy,pull_request,completed,success,2026-05-29T09:44:22Z,2026-05-29T13:22:59Z,13117,e7f1633416d74f977f34d30f4a308e08618d8d14
26630218440,ci-debug-ubuntu,pull_request,completed,success,2026-05-29T09:44:22Z,2026-05-29T13:24:45Z,13223,e7f1633416d74f977f34d30f4a308e08618d8d14
26630218563,Standalone example,pull_request,completed,success,2026-05-29T09:44:22Z,2026-05-29T13:22:39Z,13097,e7f1633416d74f977f34d30f4a308e08618d8d14
26630218463,ci-1-core,pull_request,completed,success,2026-05-29T09:44:22Z,2026-05-29T13:36:56Z,13954,e7f1633416d74f977f34d30f4a308e08618d8d14
26629488583,Running Copilot cloud agent,dynamic,completed,success,2026-05-29T09:28:15Z,2026-05-29T09:53:30Z,1515,eefd278614ede002b3b00807e56bb15b5e11fcf4
26629465493,Running Copilot cloud agent,dynamic,completed,success,2026-05-29T09:27:44Z,2026-05-29T09:48:02Z,1218,30bb66a7900a0ed395f0db60e50aaba0dc832d3a
26629367502,Addressing comment on PR #1272,dynamic,completed,success,2026-05-29T09:25:34Z,2026-05-29T09:27:09Z,95,f4281ed468c9881bdc034d047e3d37e2346d8413
26629259476,Style,pull_request,completed,success,2026-05-29T09:23:10Z,2026-05-29T12:56:34Z,12804,203852291a5ebaef83639d1e4d5df43d0ab8fc4e
26629259552,clang-format,pull_request,completed,success,2026-05-29T09:23:10Z,2026-05-29T12:56:37Z,12807,203852291a5ebaef83639d1e4d5df43d0ab8fc4e
26629259495,Spelling,pull_request,completed,success,2026-05-29T09:23:10Z,2026-05-29T12:56:32Z,12802,203852291a5ebaef83639d1e4d5df43d0ab8fc4e
26629259524,Pyrefly,pull_request,completed,success,2026-05-29T09:23:10Z,2026-05-29T13:00:27Z,13037,203852291a5ebaef83639d1e4d5df43d0ab8fc4e
26629259546,Standalone example,pull_request,completed,success,2026-05-29T09:23:10Z,2026-05-29T13:00:40Z,13050,203852291a5ebaef83639d1e4d5df43d0ab8fc4e
26629259478,Mypy,pull_request,completed,success,2026-05-29T09:23:10Z,2026-05-29T13:01:15Z,13085,203852291a5ebaef83639d1e4d5df43d0ab8fc4e
26629259484,ci-no-onnx,pull_request,completed,success,2026-05-29T09:23:10Z,2026-05-29T13:01:08Z,13078,203852291a5ebaef83639d1e4d5df43d0ab8fc4e
26629259498,ci-debug-ubuntu,pull_request,completed,success,2026-05-29T09:23:10Z,2026-05-29T13:03:23Z,13213,203852291a5ebaef83639d1e4d5df43d0ab8fc4e
26629259491,ci-1-core,pull_request,completed,success,2026-05-29T09:23:10Z,2026-05-29T13:17:11Z,14041,203852291a5ebaef83639d1e4d5df43d0ab8fc4e
26629190800,clang-format,pull_request,completed,success,2026-05-29T09:21:36Z,2026-05-29T12:55:06Z,12810,f4281ed468c9881bdc034d047e3d37e2346d8413
26629190805,Spelling,pull_request,completed,success,2026-05-29T09:21:36Z,2026-05-29T12:55:07Z,12811,f4281ed468c9881bdc034d047e3d37e2346d8413
26629190816,Style,pull_request,completed,success,2026-05-29T09:21:36Z,2026-05-29T12:55:08Z,12812,f4281ed468c9881bdc034d047e3d37e2346d8413
26629190836,Pyrefly,pull_request,completed,success,2026-05-29T09:21:36Z,2026-05-29T12:59:45Z,13089,f4281ed468c9881bdc034d047e3d37e2346d8413
26629190860,ci-no-onnx,pull_request,completed,success,2026-05-29T09:21:36Z,2026-05-29T13:00:54Z,13158,f4281ed468c9881bdc034d047e3d37e2346d8413
26629190830,Standalone example,pull_request,completed,success,2026-05-29T09:21:36Z,2026-05-29T13:00:06Z,13110,f4281ed468c9881bdc034d047e3d37e2346d8413
26629190842,Mypy,pull_request,completed,success,2026-05-29T09:21:36Z,2026-05-29T12:59:52Z,13096,f4281ed468c9881bdc034d047e3d37e2346d8413
26629190844,ci-debug-ubuntu,pull_request,completed,success,2026-05-29T09:21:36Z,2026-05-29T13:02:12Z,13236,f4281ed468c9881bdc034d047e3d37e2346d8413
26629190837,ci-1-core,pull_request,completed,success,2026-05-29T09:21:36Z,2026-05-29T13:16:48Z,14112,f4281ed468c9881bdc034d047e3d37e2346d8413
26629134663,Build,workflow_run,completed,action_required,2026-05-29T09:20:21Z,2026-05-29T09:20:21Z,0,0014445c83944e9e304777ef34fd0c50dc6f0e2f
26629070523,Build,workflow_run,completed,success,2026-05-29T09:18:54Z,2026-05-29T09:54:20Z,2126,0014445c83944e9e304777ef34fd0c50dc6f0e2f
26628912382,Running Copilot cloud agent,dynamic,completed,success,2026-05-29T09:15:15Z,2026-05-29T09:39:58Z,1483,cfc9c6450c2b93407f04371bf7d7ce814a622d71
26628889452,Running Copilot cloud agent,dynamic,completed,success,2026-05-29T09:14:44Z,2026-05-29T09:41:03Z,1579,8ef7383c7c7e10f404f4d3088d7b02f828c5cede
26628843581,Running Copilot cloud agent,dynamic,completed,success,2026-05-29T09:13:42Z,2026-05-29T09:26:57Z,795,4b0b89c1257f3a5136eaaf446d25cd2a8b543581
26628295729,Addressing comment on PR #1272,dynamic,completed,success,2026-05-29T09:01:02Z,2026-05-29T09:25:27Z,1465,58734a12b150219b265acc85cb2a50209d97a571
26628162675,Build,workflow_run,completed,skipped,2026-05-29T08:58:09Z,2026-05-29T08:58:16Z,7,0014445c83944e9e304777ef34fd0c50dc6f0e2f
26628157672,ci-1-core,push,completed,success,2026-05-29T08:58:03Z,2026-05-29T09:18:51Z,1248,0014445c83944e9e304777ef34fd0c50dc6f0e2f
26628157675,Spelling,push,completed,success,2026-05-29T08:58:03Z,2026-05-29T08:58:14Z,11,0014445c83944e9e304777ef34fd0c50dc6f0e2f
26628157665,Pyrefly,push,completed,success,2026-05-29T08:58:03Z,2026-05-29T09:03:18Z,315,0014445c83944e9e304777ef34fd0c50dc6f0e2f
26628157686,Standalone example,push,completed,success,2026-05-29T08:58:03Z,2026-05-29T09:03:28Z,325,0014445c83944e9e304777ef34fd0c50dc6f0e2f
26628157655,Mypy,push,completed,success,2026-05-29T08:58:03Z,2026-05-29T09:03:36Z,333,0014445c83944e9e304777ef34fd0c50dc6f0e2f
26628157671,ci-debug-ubuntu,push,completed,success,2026-05-29T08:58:03Z,2026-05-29T09:05:13Z,430,0014445c83944e9e304777ef34fd0c50dc6f0e2f
26628157661,clang-format,push,completed,success,2026-05-29T08:58:02Z,2026-05-29T08:58:13Z,11,0014445c83944e9e304777ef34fd0c50dc6f0e2f
26628157628,Style,push,completed,success,2026-05-29T08:58:02Z,2026-05-29T08:58:16Z,14,0014445c83944e9e304777ef34fd0c50dc6f0e2f
26628157636,ci-no-onnx,push,completed,success,2026-05-29T08:58:02Z,2026-05-29T09:02:59Z,297,0014445c83944e9e304777ef34fd0c50dc6f0e2f
26628154708,Build,workflow_run,completed,cancelled,2026-05-29T08:57:58Z,2026-05-29T08:58:11Z,13,2790c5a03694c1d42ba293b1e3df0eee0967fc1f
26628140461,Spelling,push,completed,success,2026-05-29T08:57:39Z,2026-05-29T08:57:49Z,10,2790c5a03694c1d42ba293b1e3df0eee0967fc1f
26628140362,Style,push,completed,success,2026-05-29T08:57:39Z,2026-05-29T08:57:50Z,11,2790c5a03694c1d42ba293b1e3df0eee0967fc1f
26628140413,clang-format,push,completed,success,2026-05-29T08:57:39Z,2026-05-29T08:57:51Z,12,2790c5a03694c1d42ba293b1e3df0eee0967fc1f
26628140381,Standalone example,push,completed,cancelled,2026-05-29T08:57:39Z,2026-05-29T08:58:07Z,28,2790c5a03694c1d42ba293b1e3df0eee0967fc1f
26628140383,ci-1-core,push,completed,cancelled,2026-05-29T08:57:39Z,2026-05-29T08:58:07Z,28,2790c5a03694c1d42ba293b1e3df0eee0967fc1f
26628140391,ci-no-onnx,push,completed,cancelled,2026-05-29T08:57:39Z,2026-05-29T08:58:19Z,40,2790c5a03694c1d42ba293b1e3df0eee0967fc1f
26628140396,ci-debug-ubuntu,push,completed,cancelled,2026-05-29T08:57:39Z,2026-05-29T08:58:19Z,40,2790c5a03694c1d42ba293b1e3df0eee0967fc1f
26628140390,Pyrefly,push,completed,cancelled,2026-05-29T08:57:39Z,2026-05-29T08:58:20Z,41,2790c5a03694c1d42ba293b1e3df0eee0967fc1f
26628140471,Mypy,push,completed,cancelled,2026-05-29T08:57:39Z,2026-05-29T08:58:19Z,40,2790c5a03694c1d42ba293b1e3df0eee0967fc1f
26628123408,Style,push,completed,success,2026-05-29T08:57:16Z,2026-05-29T08:57:29Z,13,f1920b0c03ecab0f637988685638d9ec481f3948
26628123410,clang-format,push,completed,success,2026-05-29T08:57:16Z,2026-05-29T08:57:30Z,14,f1920b0c03ecab0f637988685638d9ec481f3948
26628123379,Spelling,push,completed,success,2026-05-29T08:57:16Z,2026-05-29T08:57:28Z,12,f1920b0c03ecab0f637988685638d9ec481f3948
26628123377,Mypy,push,completed,cancelled,2026-05-29T08:57:16Z,2026-05-29T08:57:55Z,39,f1920b0c03ecab0f637988685638d9ec481f3948
26628123449,Standalone example,push,completed,cancelled,2026-05-29T08:57:16Z,2026-05-29T08:57:55Z,39,f1920b0c03ecab0f637988685638d9ec481f3948
26628123420,Pyrefly,push,completed,cancelled,2026-05-29T08:57:16Z,2026-05-29T08:57:55Z,39,f1920b0c03ecab0f637988685638d9ec481f3948
26628123423,ci-debug-ubuntu,push,completed,cancelled,2026-05-29T08:57:16Z,2026-05-29T08:57:55Z,39,f1920b0c03ecab0f637988685638d9ec481f3948
26628123382,ci-no-onnx,push,completed,cancelled,2026-05-29T08:57:16Z,2026-05-29T08:57:55Z,39,f1920b0c03ecab0f637988685638d9ec481f3948
26628123427,ci-1-core,push,completed,cancelled,2026-05-29T08:57:16Z,2026-05-29T08:57:56Z,40,f1920b0c03ecab0f637988685638d9ec481f3948
26627457251,Build,workflow_run,completed,action_required,2026-05-29T08:42:27Z,2026-05-29T08:42:27Z,0,f1c24737acb11289d641ab455732fb9891d048ba
26627380544,Build,workflow_run,completed,cancelled,2026-05-29T08:40:44Z,2026-05-29T08:58:16Z,1052,f1c24737acb11289d641ab455732fb9891d048ba
26627380044,Build,workflow_run,completed,action_required,2026-05-29T08:40:43Z,2026-05-29T08:40:43Z,0,f1c24737acb11289d641ab455732fb9891d048ba
26626968673,ci-1-core,pull_request,completed,success,2026-05-29T08:31:24Z,2026-05-29T09:20:18Z,2934,e9cb21970872993a5c53541a6a113a0bd9564b22
26626968659,clang-format,pull_request,completed,success,2026-05-29T08:31:24Z,2026-05-29T08:58:58Z,1654,e9cb21970872993a5c53541a6a113a0bd9564b22
26626968687,Style,pull_request,completed,success,2026-05-29T08:31:24Z,2026-05-29T08:58:57Z,1653,e9cb21970872993a5c53541a6a113a0bd9564b22
26626968694,Spelling,pull_request,completed,success,2026-05-29T08:31:24Z,2026-05-29T08:58:54Z,1650,e9cb21970872993a5c53541a6a113a0bd9564b22
26626968705,Mypy,pull_request,completed,success,2026-05-29T08:31:24Z,2026-05-29T09:03:34Z,1930,e9cb21970872993a5c53541a6a113a0bd9564b22
26626968664,Standalone example,pull_request,completed,success,2026-05-29T08:31:24Z,2026-05-29T09:03:32Z,1928,e9cb21970872993a5c53541a6a113a0bd9564b22
26626968761,Pyrefly,pull_request,completed,success,2026-05-29T08:31:24Z,2026-05-29T09:03:42Z,1938,e9cb21970872993a5c53541a6a113a0bd9564b22
26626968685,ci-no-onnx,pull_request,completed,success,2026-05-29T08:31:24Z,2026-05-29T09:03:54Z,1950,e9cb21970872993a5c53541a6a113a0bd9564b22
26626968699,ci-debug-ubuntu,pull_request,completed,success,2026-05-29T08:31:24Z,2026-05-29T09:06:00Z,2076,e9cb21970872993a5c53541a6a113a0bd9564b22
26626798050,Build,workflow_run,completed,action_required,2026-05-29T08:27:37Z,2026-05-29T08:27:37Z,0,f1c24737acb11289d641ab455732fb9891d048ba
26626773665,Build,workflow_run,completed,action_required,2026-05-29T08:27:04Z,2026-05-29T08:27:04Z,0,f1c24737acb11289d641ab455732fb9891d048ba
26626501023,Running Copilot cloud agent,dynamic,completed,success,2026-05-29T08:20:45Z,2026-05-29T08:35:47Z,902,260379ceb57925471b49001df277186c10258764
26626421137,Build,workflow_run,completed,skipped,2026-05-29T08:18:55Z,2026-05-29T08:18:56Z,1,f1c24737acb11289d641ab455732fb9891d048ba
26626413345,Style,push,completed,success,2026-05-29T08:18:44Z,2026-05-29T08:18:56Z,12,f1c24737acb11289d641ab455732fb9891d048ba
26626413291,Pyrefly,push,completed,success,2026-05-29T08:18:44Z,2026-05-29T08:23:44Z,300,f1c24737acb11289d641ab455732fb9891d048ba
26626413293,ci-no-onnx,push,completed,success,2026-05-29T08:18:44Z,2026-05-29T08:23:47Z,303,f1c24737acb11289d641ab455732fb9891d048ba
26626413309,Standalone example,push,completed,success,2026-05-29T08:18:44Z,2026-05-29T08:24:00Z,316,f1c24737acb11289d641ab455732fb9891d048ba
26626413290,ci-1-core,push,completed,success,2026-05-29T08:18:44Z,2026-05-29T08:40:41Z,1317,f1c24737acb11289d641ab455732fb9891d048ba
26626413277,Spelling,push,completed,success,2026-05-29T08:18:43Z,2026-05-29T08:18:53Z,10,f1c24737acb11289d641ab455732fb9891d048ba
26626413248,clang-format,push,completed,success,2026-05-29T08:18:43Z,2026-05-29T08:18:58Z,15,f1c24737acb11289d641ab455732fb9891d048ba
26626413281,Mypy,push,completed,success,2026-05-29T08:18:43Z,2026-05-29T08:23:43Z,300,f1c24737acb11289d641ab455732fb9891d048ba
26626413280,ci-debug-ubuntu,push,completed,success,2026-05-29T08:18:43Z,2026-05-29T08:25:31Z,408,f1c24737acb11289d641ab455732fb9891d048ba
26626265947,Running Copilot cloud agent,dynamic,completed,success,2026-05-29T08:15:14Z,2026-05-29T08:31:50Z,996,e0af27bf782878c6ee45f7e74d64681407bc85f1
26626140005,clang-format,pull_request,completed,success,2026-05-29T08:12:16Z,2026-05-29T08:19:41Z,445,bcb61104a50775e6bd49783c5da84946849927b3
26626140044,Style,pull_request,completed,success,2026-05-29T08:12:16Z,2026-05-29T08:19:51Z,455,bcb61104a50775e6bd49783c5da84946849927b3
26626140088,Spelling,pull_request,completed,success,2026-05-29T08:12:16Z,2026-05-29T08:19:52Z,456,bcb61104a50775e6bd49783c5da84946849927b3
26626140018,Standalone example,pull_request,completed,success,2026-05-29T08:12:16Z,2026-05-29T08:24:25Z,729,bcb61104a50775e6bd49783c5da84946849927b3
26626140032,Mypy,pull_request,completed,success,2026-05-29T08:12:16Z,2026-05-29T08:24:29Z,733,bcb61104a50775e6bd49783c5da84946849927b3
26626140070,ci-no-onnx,pull_request,completed,success,2026-05-29T08:12:16Z,2026-05-29T08:24:48Z,752,bcb61104a50775e6bd49783c5da84946849927b3
26626140027,Pyrefly,pull_request,completed,success,2026-05-29T08:12:16Z,2026-05-29T08:24:15Z,719,bcb61104a50775e6bd49783c5da84946849927b3
26626139997,ci-debug-ubuntu,pull_request,completed,success,2026-05-29T08:12:16Z,2026-05-29T08:26:28Z,852,bcb61104a50775e6bd49783c5da84946849927b3
26626140082,ci-1-core,pull_request,completed,success,2026-05-29T08:12:16Z,2026-05-29T08:40:40Z,1704,bcb61104a50775e6bd49783c5da84946849927b3
26625919931,Build,workflow_run,completed,action_required,2026-05-29T08:07:01Z,2026-05-29T08:07:01Z,0,9fb486c3f9c14d7d8a72d70c896f3dce77197b38
26625899780,Build,workflow_run,completed,action_required,2026-05-29T08:06:30Z,2026-05-29T08:06:30Z,0,9fb486c3f9c14d7d8a72d70c896f3dce77197b38
26625897270,Spelling,pull_request,completed,success,2026-05-29T08:06:27Z,2026-05-29T08:06:52Z,25,3fe3dff83bba047977b03613cf6a8418ed7f9cca
26625897199,clang-format,pull_request,completed,success,2026-05-29T08:06:27Z,2026-05-29T08:06:52Z,25,3fe3dff83bba047977b03613cf6a8418ed7f9cca
26625897410,Style,pull_request,completed,success,2026-05-29T08:06:27Z,2026-05-29T08:06:54Z,27,3fe3dff83bba047977b03613cf6a8418ed7f9cca
26625897368,Standalone example,pull_request,completed,success,2026-05-29T08:06:27Z,2026-05-29T08:11:20Z,293,3fe3dff83bba047977b03613cf6a8418ed7f9cca
26625897411,ci-no-onnx,pull_request,completed,success,2026-05-29T08:06:27Z,2026-05-29T08:11:46Z,319,3fe3dff83bba047977b03613cf6a8418ed7f9cca
26625897315,Mypy,pull_request,completed,success,2026-05-29T08:06:27Z,2026-05-29T08:11:58Z,331,3fe3dff83bba047977b03613cf6a8418ed7f9cca
26625897211,Pyrefly,pull_request,completed,success,2026-05-29T08:06:27Z,2026-05-29T08:11:33Z,306,3fe3dff83bba047977b03613cf6a8418ed7f9cca
26625897337,ci-debug-ubuntu,pull_request,completed,success,2026-05-29T08:06:27Z,2026-05-29T08:13:25Z,418,3fe3dff83bba047977b03613cf6a8418ed7f9cca
26625897318,ci-1-core,pull_request,completed,success,2026-05-29T08:06:27Z,2026-05-29T08:27:32Z,1265,3fe3dff83bba047977b03613cf6a8418ed7f9cca
26625802224,Build,workflow_run,completed,action_required,2026-05-29T08:04:11Z,2026-05-29T08:04:11Z,0,9fb486c3f9c14d7d8a72d70c896f3dce77197b38
26625732664,ci-no-onnx,pull_request,completed,success,2026-05-29T08:02:30Z,2026-05-29T08:09:09Z,399,22c82b479e891c799cc9b5e9ef963816737dcb0a
26625732734,Pyrefly,pull_request,completed,success,2026-05-29T08:02:30Z,2026-05-29T08:09:30Z,420,22c82b479e891c799cc9b5e9ef963816737dcb0a
26625732745,Mypy,pull_request,completed,success,2026-05-29T08:02:30Z,2026-05-29T08:09:42Z,432,22c82b479e891c799cc9b5e9ef963816737dcb0a
26625732777,Standalone example,pull_request,completed,success,2026-05-29T08:02:30Z,2026-05-29T08:10:25Z,475,22c82b479e891c799cc9b5e9ef963816737dcb0a
26625732723,ci-debug-ubuntu,pull_request,completed,success,2026-05-29T08:02:30Z,2026-05-29T08:11:54Z,564,22c82b479e891c799cc9b5e9ef963816737dcb0a
26625732700,clang-format,pull_request,completed,success,2026-05-29T08:02:30Z,2026-05-29T08:05:12Z,162,22c82b479e891c799cc9b5e9ef963816737dcb0a
26625732625,Style,pull_request,completed,success,2026-05-29T08:02:30Z,2026-05-29T08:05:05Z,155,22c82b479e891c799cc9b5e9ef963816737dcb0a
26625732668,Spelling,pull_request,completed,success,2026-05-29T08:02:30Z,2026-05-29T08:05:00Z,150,22c82b479e891c799cc9b5e9ef963816737dcb0a
26625732754,ci-1-core,pull_request,completed,success,2026-05-29T08:02:30Z,2026-05-29T08:27:01Z,1471,22c82b479e891c799cc9b5e9ef963816737dcb0a
26625667148,Build,workflow_run,completed,action_required,2026-05-29T08:00:56Z,2026-05-29T08:00:56Z,0,9fb486c3f9c14d7d8a72d70c896f3dce77197b38
26625644515,Build,workflow_run,completed,action_required,2026-05-29T08:00:26Z,2026-05-29T08:00:26Z,0,9fb486c3f9c14d7d8a72d70c896f3dce77197b38
26625639434,Addressing comment on PR #1255,dynamic,completed,success,2026-05-29T08:00:19Z,2026-05-29T08:02:40Z,141,5e7f59d09684319ac31e964f7d9be1739027db8e
26625633533,Build,workflow_run,completed,skipped,2026-05-29T08:00:11Z,2026-05-29T08:00:13Z,2,9fb486c3f9c14d7d8a72d70c896f3dce77197b38
26625619163,ci-debug-ubuntu,push,completed,success,2026-05-29T07:59:53Z,2026-05-29T08:06:40Z,407,9fb486c3f9c14d7d8a72d70c896f3dce77197b38
26625619133,clang-format,push,completed,success,2026-05-29T07:59:53Z,2026-05-29T08:00:06Z,13,9fb486c3f9c14d7d8a72d70c896f3dce77197b38
26625619143,Spelling,push,completed,success,2026-05-29T07:59:53Z,2026-05-29T08:00:05Z,12,9fb486c3f9c14d7d8a72d70c896f3dce77197b38
26625619121,Style,push,completed,success,2026-05-29T07:59:53Z,2026-05-29T08:00:03Z,10,9fb486c3f9c14d7d8a72d70c896f3dce77197b38
26625619152,ci-no-onnx,push,completed,success,2026-05-29T07:59:53Z,2026-05-29T08:04:35Z,282,9fb486c3f9c14d7d8a72d70c896f3dce77197b38
26625619150,Mypy,push,completed,success,2026-05-29T07:59:53Z,2026-05-29T08:04:32Z,279,9fb486c3f9c14d7d8a72d70c896f3dce77197b38
26625619142,Pyrefly,push,completed,success,2026-05-29T07:59:53Z,2026-05-29T08:04:53Z,300,9fb486c3f9c14d7d8a72d70c896f3dce77197b38
26625619137,Standalone example,push,completed,success,2026-05-29T07:59:53Z,2026-05-29T08:05:01Z,308,9fb486c3f9c14d7d8a72d70c896f3dce77197b38
26625619135,ci-1-core,push,completed,cancelled,2026-05-29T07:59:53Z,2026-05-29T08:18:53Z,1140,9fb486c3f9c14d7d8a72d70c896f3dce77197b38
26625544842,Addressing comment on PR #1259,dynamic,completed,success,2026-05-29T07:58:05Z,2026-05-29T08:06:48Z,523,18a79884262961e974d647b3b34257005dab3a3c
26625524345,Style,pull_request,completed,success,2026-05-29T07:57:36Z,2026-05-29T08:01:00Z,204,18a79884262961e974d647b3b34257005dab3a3c
26625524320,clang-format,pull_request,completed,success,2026-05-29T07:57:36Z,2026-05-29T08:01:04Z,208,18a79884262961e974d647b3b34257005dab3a3c
26625524335,Mypy,pull_request,completed,success,2026-05-29T07:57:36Z,2026-05-29T08:04:51Z,435,18a79884262961e974d647b3b34257005dab3a3c
26625524327,Standalone example,pull_request,completed,success,2026-05-29T07:57:36Z,2026-05-29T08:06:00Z,504,18a79884262961e974d647b3b34257005dab3a3c
26625524290,ci-debug-ubuntu,pull_request,completed,cancelled,2026-05-29T07:57:35Z,2026-05-29T08:06:46Z,551,18a79884262961e974d647b3b34257005dab3a3c
26625524310,ci-1-core,pull_request,completed,cancelled,2026-05-29T07:57:35Z,2026-05-29T08:06:58Z,563,18a79884262961e974d647b3b34257005dab3a3c
26625524316,Spelling,pull_request,completed,success,2026-05-29T07:57:35Z,2026-05-29T08:00:55Z,200,18a79884262961e974d647b3b34257005dab3a3c
26625524289,ci-no-onnx,pull_request,completed,success,2026-05-29T07:57:35Z,2026-05-29T08:05:39Z,484,18a79884262961e974d647b3b34257005dab3a3c
26625524328,Pyrefly,pull_request,completed,success,2026-05-29T07:57:35Z,2026-05-29T08:05:45Z,490,18a79884262961e974d647b3b34257005dab3a3c
