date,commit,size,name
2026-06-09T09:56:24Z,177741a7e3e1ac9c715eed7f3a35cd7173fee252,1571263,yet_another_onnx_builder-0.1.0-py3-none-any.whl
2026-06-15T12:42:32Z,177741a7e3e1ac9c715eed7f3a35cd7173fee252,1571263,yet_another_onnx_builder-0.1.0-py3-none-any.whl
2026-06-22T12:26:19Z,f54fc6c973dfe0284ded27424af34084e42f34b3,1576540,yet_another_onnx_builder-0.1.0-py3-none-any.whl
2026-06-29T11:24:01Z,aebca4eee061d31a933cd258c4c4f185fceed3d6,1579706,yet_another_onnx_builder-0.1.0-py3-none-any.whl
2026-07-06T11:02:17Z,aebca4eee061d31a933cd258c4c4f185fceed3d6,1579704,yet_another_onnx_builder-0.1.0-py3-none-any.whl
2026-07-13T09:47:35Z,e86b98a3d679d2d760d86f73d2e02d9ab9c8ee7d,1588024,yet_another_onnx_builder-0.1.0-py3-none-any.whl
2026-07-20T09:33:35Z,e86b98a3d679d2d760d86f73d2e02d9ab9c8ee7d,1588024,yet_another_onnx_builder-0.1.0-py3-none-any.whl
2026-07-27T10:08:26Z,e86b98a3d679d2d760d86f73d2e02d9ab9c8ee7d,1588024,yet_another_onnx_builder-0.1.0-py3-none-any.whl
2026-08-02T16:15:19Z,e86b98a3d679d2d760d86f73d2e02d9ab9c8ee7d,1588024,yet_another_onnx_builder-0.1.0-py3-none-any.whl
2026-08-03T10:05:14Z,e86b98a3d679d2d760d86f73d2e02d9ab9c8ee7d,1588024,yet_another_onnx_builder-0.1.0-py3-none-any.whl
2026-08-10T08:03:54Z,e86b98a3d679d2d760d86f73d2e02d9ab9c8ee7d,1588025,yet_another_onnx_builder-0.1.0-py3-none-any.whl
2026-08-17T07:15:17Z,e86b98a3d679d2d760d86f73d2e02d9ab9c8ee7d,1588025,yet_another_onnx_builder-0.1.0-py3-none-any.whl
2026-08-24T07:19:32Z,92a4a63083af7003cc1594b9e06cb54c56c489b3,1588227,yet_another_onnx_builder-0.1.0-py3-none-any.whl
