job_id,run_id,workflow,job_name,status,conclusion,started_at,completed_at,duration_seconds,head_sha
78549811981,26651222247,Create Releases,call-linux / build (cp311-manylinux_x86_64),completed,success,2026-05-29T17:10:34Z,2026-05-29T17:16:09Z,335,b766fa6d7078dc407c7e8a5e24d699af35ab7c0d
78280448069,26571768909,Create Releases,call-linux / build (cp311-manylinux_x86_64),completed,success,2026-05-28T11:25:21Z,2026-05-28T11:30:38Z,317,a23bf1c354fb25697c0bca8640d7c50700c782cb
78179635631,26540229623,Create Releases,call-linux / build (cp311-manylinux_x86_64),completed,success,2026-05-27T21:37:43Z,2026-05-27T21:43:45Z,362,2ab3bacb82e3a96888e66d5b07966a084c1de555
78177603022,26539636135,Create Releases,call-linux / build (cp311-manylinux_x86_64),completed,success,2026-05-27T21:25:02Z,2026-05-27T21:30:45Z,343,395e5ac15ee98517fc57b3684b9f4173cc194ba3
78165484647,26536162642,Create Releases,call-linux / build (cp311-manylinux_x86_64),completed,success,2026-05-27T20:15:00Z,2026-05-27T20:20:30Z,330,93d9f12a3d810b92d9aa6cda961f5b020f3315ac
78131992730,26526651405,Create Releases,call-linux / build (cp311-manylinux_x86_64),completed,success,2026-05-27T17:11:44Z,2026-05-27T17:17:32Z,348,e1481b1df670e3620b2b60cb7e8f19c0f23e86ea
77641029263,26377757763,Create Releases,call-linux / build (cp311-manylinux_x86_64),completed,success,2026-05-25T00:56:33Z,2026-05-25T01:02:34Z,361,0ce10a714cf980589dc7c6125a2905dd5df652d6
77618369937,26338926685,Create Releases,call-linux / build (cp311-manylinux_x86_64),completed,success,2026-05-23T17:22:48Z,2026-05-23T17:28:16Z,328,0ce10a714cf980589dc7c6125a2905dd5df652d6
77522723759,26333262256,Create Releases,call-linux / build (cp311-manylinux_x86_64),completed,success,2026-05-23T12:55:20Z,2026-05-23T13:01:07Z,347,76fe8134c705a2c5e7ba3e3a661b772ed9dda0ea
77442012445,26305750534,Create Releases,call-linux / build (cp311-manylinux_x86_64),completed,success,2026-05-22T18:43:58Z,2026-05-22T18:50:00Z,362,d33e14b757bbf7b7f6000f3dc942e6bc0e16bbb5
77423789624,26300408505,Create Releases,call-linux / build (cp311-manylinux_x86_64),completed,success,2026-05-22T16:45:37Z,2026-05-22T16:51:50Z,373,d68d644de98b3d800496a7a3946dd0bab570deaa
77216893899,26238126525,Create Releases,call-linux / build (cp311-manylinux_x86_64),completed,success,2026-05-21T16:11:12Z,2026-05-21T16:17:01Z,349,c0e4907f644fadff45aaa22494fb50231a6f6eac
77070713990,26194504026,Create Releases,call-linux / build (cp311-manylinux_x86_64),completed,success,2026-05-20T22:49:59Z,2026-05-20T22:55:40Z,341,687c4e538d38b46fb2c367ea570414dc5621bccd
77026939807,26181885883,Create Releases,call-linux / build (cp311-manylinux_x86_64),completed,success,2026-05-20T18:26:54Z,2026-05-20T18:32:28Z,334,0ebe0841967a1fe2e143eaf5bed12fd43a14690a
76997265007,26173471333,Create Releases,call-linux / build (cp311-manylinux_x86_64),completed,success,2026-05-20T15:44:17Z,2026-05-20T15:49:53Z,336,b6f803ec4bb88f80bd775e72a254ada3df11f04f
76955663588,26161905090,Create Releases,call-linux / build (cp311-manylinux_x86_64),completed,success,2026-05-20T12:16:16Z,2026-05-20T12:22:31Z,375,a6f1908b9bd0cae2b20460a5ff546a870624906c
76888276565,26141653547,Create Releases,call-linux / build (cp311-manylinux_x86_64),completed,success,2026-05-20T04:38:39Z,2026-05-20T04:44:32Z,353,1ea440d9370d4e7b01b45b1d40f8c555e3c4bb73
76888272049,26141652785,Create Releases,call-linux / build (cp311-manylinux_x86_64),completed,cancelled,2026-05-20T04:38:34Z,2026-05-20T04:38:35Z,1,1ea440d9370d4e7b01b45b1d40f8c555e3c4bb73
76833058618,26124039637,Create Releases,call-linux / build (cp311-manylinux_x86_64),completed,success,2026-05-19T20:41:48Z,2026-05-19T20:46:50Z,302,2ec288908952eea9dcf48d4b197915e1f72c6abf
76791805156,26112127291,Create Releases,call-linux / build (cp311-manylinux_x86_64),completed,success,2026-05-19T16:54:51Z,2026-05-19T17:00:43Z,352,9a48f83aa6673619a9ef7641f7891e1f0f66b076
76704884279,26087680635,Create Releases,call-linux / build (cp311-manylinux_x86_64),completed,success,2026-05-19T09:10:57Z,2026-05-19T09:16:45Z,348,1ad2a6407a5b776ef319b5bdcff666f3f3a166af
76703527186,26087291445,Create Releases,call-linux / build (cp311-manylinux_x86_64),completed,success,2026-05-19T09:02:52Z,2026-05-19T09:08:50Z,358,9a48f83aa6673619a9ef7641f7891e1f0f66b076
76702158854,26086890399,Create Releases,call-linux / build (cp311-manylinux_x86_64),completed,success,2026-05-19T08:54:50Z,2026-05-19T09:00:39Z,349,251494ff6aa42e8781718fd83612517ed1d44a9c
76698339133,26085760421,Create Releases,call-linux / build (cp311-manylinux_x86_64),completed,success,2026-05-19T08:31:43Z,2026-05-19T08:37:34Z,351,f07e915ce723e6919d771dd2fdaa3e299e3d83b5
76626564951,26062737599,Create Releases,call-linux / build (cp311-manylinux_x86_64),completed,success,2026-05-18T21:54:49Z,2026-05-18T22:00:25Z,336,c96c82d8c2db629c764f0566fb5b1e66c43412b2
76618964242,26060437403,Create Releases,call-linux / build (cp311-manylinux_x86_64),completed,success,2026-05-18T21:05:26Z,2026-05-18T21:10:50Z,324,fd25487ea781eb2c9a2a3e3a3edf043d743d63d1
76616290278,26059645088,Create Releases,call-linux / build (cp311-manylinux_x86_64),completed,success,2026-05-18T20:49:28Z,2026-05-18T20:55:29Z,361,fa652d85c14b532f12fef14dfd2c2acf675f2d3e
76614183192,26058934462,Create Releases,call-linux / build (cp311-manylinux_x86_64),completed,success,2026-05-18T20:37:09Z,2026-05-18T20:42:53Z,344,e3fd238cc76987440da4ebedc747010a813a49e0
76612711482,26058576620,Create Releases,call-linux / build (cp311-manylinux_x86_64),completed,success,2026-05-18T20:28:36Z,2026-05-18T20:34:19Z,343,701a92af3f28f5eb51d28ffd71cc9ce956cececf
76611040377,26058067673,Create Releases,call-linux / build (cp311-manylinux_x86_64),completed,success,2026-05-18T20:18:20Z,2026-05-18T20:24:32Z,372,58c7d79465f8eeccf1596727f42443e60d233a43
76607440009,26056992493,Create Releases,call-linux / build (cp311-manylinux_x86_64),completed,success,2026-05-18T19:56:18Z,2026-05-18T20:02:26Z,368,762224e7c8e460cbda6d838caa9d452182ba629e
76601327954,26055158901,Create Releases,call-linux / build (cp311-manylinux_x86_64),completed,success,2026-05-18T19:19:59Z,2026-05-18T19:25:42Z,343,72eac1a91ec7eab440bd02009d9622e15b143052
76585325923,26050410601,Create Releases,call-linux / build (cp311-manylinux_x86_64),completed,success,2026-05-18T17:47:21Z,2026-05-18T17:52:59Z,338,ade0ee5827c08b5b119f58eabcd766203d695cce
76582280634,26049453295,Create Releases,call-linux / build (cp311-manylinux_x86_64),completed,success,2026-05-18T17:29:49Z,2026-05-18T17:35:35Z,346,f3d74bbaa34865ca9f60cbcbed8a7d996e83cbec
76580927807,26049090542,Create Releases,call-linux / build (cp311-manylinux_x86_64),completed,success,2026-05-18T17:22:01Z,2026-05-18T17:27:58Z,357,e3c0ff6a4d8710432102e17872916a663c3aa587
76579838483,26048788749,Create Releases,call-linux / build (cp311-manylinux_x86_64),completed,cancelled,2026-05-18T17:15:44Z,2026-05-18T17:21:39Z,355,38dcbc96bdaf84c3858c906319f5e6c29087ea0d
76568262095,26045446314,Create Releases,call-linux / build (cp311-manylinux_x86_64),completed,success,2026-05-18T16:10:31Z,2026-05-18T16:16:24Z,353,30887a4fd7f1c29f79526dda2aa2ab13f38d9161
76555888627,26042001759,Create Releases,call-linux / build (cp311-manylinux_x86_64),completed,success,2026-05-18T15:06:44Z,2026-05-18T15:12:31Z,347,30887a4fd7f1c29f79526dda2aa2ab13f38d9161
76460804999,26014209532,Create Releases,call-linux / build (cp311-manylinux_x86_64),completed,success,2026-05-18T04:51:42Z,2026-05-18T04:57:15Z,333,36de9ed25c649d6b657b3618c7ed924352b2bf2e
76456131545,26012592183,Create Releases,call-linux / build (cp311-manylinux_x86_64),completed,success,2026-05-18T03:54:05Z,2026-05-18T03:59:51Z,346,9bf9124819bb5864f85df340be60fd58dddbd0c9
76455590690,26012404213,Create Releases,call-linux / build (cp311-manylinux_x86_64),completed,success,2026-05-18T03:47:11Z,2026-05-18T03:52:45Z,334,3252bdbbde6dd414eadac2ac48f7e493f9ad2531
76442493435,26007820101,Create Releases,call-linux / build (cp311-manylinux_x86_64),completed,success,2026-05-18T00:53:54Z,2026-05-18T00:59:59Z,365,3e9808d5db544e31006fa3ba33d52bbcd04bf8e7
76421333918,26000014021,Create Releases,call-linux / build (cp311-manylinux_x86_64),completed,success,2026-05-17T19:07:34Z,2026-05-17T19:13:16Z,342,984138262b362133416288b018be956d766a39d2
76417471923,25998606918,Create Releases,call-linux / build (cp311-manylinux_x86_64),completed,success,2026-05-17T18:05:57Z,2026-05-17T18:11:53Z,356,984138262b362133416288b018be956d766a39d2
76373862394,25982580698,Create Releases,call-linux / build (cp311-manylinux_x86_64),completed,success,2026-05-17T05:39:06Z,2026-05-17T05:44:46Z,340,3e9808d5db544e31006fa3ba33d52bbcd04bf8e7
76373072356,25982294881,Create Releases,call-linux / build (cp311-manylinux_x86_64),completed,success,2026-05-17T05:23:30Z,2026-05-17T05:29:04Z,334,3856f03b8b86d53aed3bc36956ae549c5d123d42
76328260783,25965534151,Create Releases,call-linux / build (cp311-manylinux_x86_64),completed,success,2026-05-16T15:20:33Z,2026-05-16T15:26:23Z,350,a3c1aadc8866445c8c4d1aab9ab4f92e8c42608b
76324447699,25964118566,Create Releases,call-linux / build (cp311-manylinux_x86_64),completed,success,2026-05-16T14:14:40Z,2026-05-16T14:20:42Z,362,bf54fef61b8176911bcc7f96edf90c04d16428ff
76313801301,25960084297,Create Releases,call-linux / build (cp311-manylinux_x86_64),completed,success,2026-05-16T10:52:27Z,2026-05-16T10:58:18Z,351,b4fb2bf5471d8e4e255db5d83995c98132ac4d12
76312715374,25959663386,Create Releases,call-linux / build (cp311-manylinux_x86_64),completed,success,2026-05-16T10:30:26Z,2026-05-16T10:37:32Z,426,ea79d1d08aae9f2a3970d028177aa04c9bd244ea
76311195611,25959097627,Create Releases,call-linux / build (cp311-manylinux_x86_64),completed,success,2026-05-16T10:00:52Z,2026-05-16T10:06:29Z,337,111db72dbf7a0da2617a0b329266390ccd26e79b
76311094294,25959065385,Create Releases,call-linux / build (cp311-manylinux_x86_64),completed,cancelled,2026-05-16T09:59:07Z,2026-05-16T10:00:48Z,101,f8ce41d0892d00fa4b4daa5a8fbbeb3b9182ae85
76294916874,25953243134,Create Releases,call-linux / build (cp311-manylinux_x86_64),completed,success,2026-05-16T04:54:53Z,2026-05-16T05:00:48Z,355,b9b5c9374ab5f72eb8a82964550aabcb0206c5b1
76237198171,25934709630,Create Releases,call-linux / build (cp311-manylinux_x86_64),completed,success,2026-05-15T18:33:11Z,2026-05-15T18:39:41Z,390,46726814f157edaa9f3ee0fc83447c8bd7a4e490
76237019453,25934696655,Create Releases,call-linux / build (cp311-manylinux_x86_64),completed,cancelled,2026-05-15T18:32:04Z,2026-05-15T18:32:34Z,30,0b35098718b7f7869a128e31941c8bf168fdefb4
76236540114,25934555586,Create Releases,call-linux / build (cp311-manylinux_x86_64),completed,success,2026-05-15T18:29:00Z,2026-05-15T18:34:53Z,353,f639a2dd9126829459c1fc32336361b7dee0e61e
76236439188,25934526032,Create Releases,call-linux / build (cp311-manylinux_x86_64),completed,success,2026-05-15T18:28:21Z,2026-05-15T18:34:36Z,375,6ba65a1901abacbabbe0391d73ecabefca10f7e2
76222536795,25930407030,Create Releases,call-linux / build (cp311-manylinux_x86_64),completed,success,2026-05-15T16:57:34Z,2026-05-15T17:03:56Z,382,81d4117bb3ea768282bbfecceede65275b3f7eef
76218859897,25929321918,Create Releases,call-linux / build (cp311-manylinux_x86_64),completed,success,2026-05-15T16:34:07Z,2026-05-15T16:39:56Z,349,81d4117bb3ea768282bbfecceede65275b3f7eef
76179885451,25918146655,Create Releases,call-linux / build (cp311-manylinux_x86_64),completed,success,2026-05-15T12:37:24Z,2026-05-15T12:43:25Z,361,d3d71f1c8c8c4d16bf41847b45c99ce4aa0def63
76172276567,25915879967,Create Releases,call-linux / build (cp311-manylinux_x86_64),completed,success,2026-05-15T11:40:39Z,2026-05-15T11:47:18Z,399,800c2932274c580831485de73f4dad624af194e3
76171467996,25915611172,Create Releases,call-linux / build (cp311-manylinux_x86_64),completed,success,2026-05-15T11:34:18Z,2026-05-15T11:40:42Z,384,3141cc8ae23c398c655272662a156e370fb3be9c
76170329581,25915288154,Create Releases,call-linux / build (cp311-manylinux_x86_64),completed,success,2026-05-15T11:25:27Z,2026-05-15T11:31:50Z,383,e748a380a9a1f4b374f5a51e81c9061bc6b495ba
76168951556,25914879752,Create Releases,call-linux / build (cp311-manylinux_x86_64),completed,success,2026-05-15T11:14:52Z,2026-05-15T11:21:23Z,391,800c2932274c580831485de73f4dad624af194e3
76157494775,25911494502,Create Releases,call-linux / build (cp311-manylinux_x86_64),completed,success,2026-05-15T09:49:54Z,2026-05-15T09:56:02Z,368,1536a43206ecbc715002251f3aeb9c3da7d59d77
76145373192,25907874217,Create Releases,call-linux / build (cp311-manylinux_x86_64),completed,success,2026-05-15T08:21:09Z,2026-05-15T08:27:47Z,398,c1be1865592134a3b35c6fd2355dc871f2b441a4
76145216477,25907813940,Create Releases,call-linux / build (cp311-manylinux_x86_64),completed,cancelled,2026-05-15T08:19:54Z,2026-05-15T08:21:02Z,68,ec784aabd550903f59c8b6591688a344bbf4d2ee
76144854742,25907709007,Create Releases,call-linux / build (cp311-manylinux_x86_64),completed,cancelled,2026-05-15T08:17:05Z,2026-05-15T08:19:48Z,163,64182cf38226cc697c8ad54e466c0363f519cf7e
76143822711,25907498841,Create Releases,call-linux / build (cp311-manylinux_x86_64),completed,cancelled,2026-05-15T08:11:54Z,2026-05-15T08:16:59Z,305,657e9a1b3e6d124d2e9d46d40a3be551fcff90f5
76143319542,25907351383,Create Releases,call-linux / build (cp311-manylinux_x86_64),completed,cancelled,2026-05-15T08:06:35Z,2026-05-15T08:11:08Z,273,09a22193b9a207c23a31d93e6f79b5234118ef08
76143028965,25907220340,Create Releases,call-linux / build (cp311-manylinux_x86_64),completed,cancelled,2026-05-15T08:02:04Z,2026-05-15T08:06:30Z,266,6e319617cd193818548242e072ebb277129fc309
76123535782,25900798587,Create Releases,call-linux / build (cp311-manylinux_x86_64),completed,success,2026-05-15T04:47:07Z,2026-05-15T04:53:27Z,380,b20ac0c84506037ce3bdc88e8b093a3c70bf9e30
76049832638,25877896848,Create Releases,call-linux / build (cp311-manylinux_x86_64),completed,success,2026-05-14T18:28:22Z,2026-05-14T18:34:34Z,372,c9ed1da6946a045c3e34aa69ad19a00b7caa891d
76046114002,25876819404,Create Releases,call-linux / build (cp311-manylinux_x86_64),completed,success,2026-05-14T18:06:38Z,2026-05-14T18:13:32Z,414,1f9dd99064024fcfc919904b4e00002d0e1d0194
76044906765,25876475945,Create Releases,call-linux / build (cp311-manylinux_x86_64),completed,success,2026-05-14T17:59:40Z,2026-05-14T18:05:47Z,367,619cbbc02e97372d83a2f0ca75d8800b14907a3a
76043990980,25875181405,Create Releases,call-linux / build (cp311-manylinux_x86_64),completed,success,2026-05-14T17:54:28Z,2026-05-14T18:00:31Z,363,69c96a21a0702d4cb71e58a08b02dbecfc9fe868
76020727375,25869549372,Create Releases,call-linux / build (cp311-manylinux_x86_64),completed,success,2026-05-14T15:41:17Z,2026-05-14T15:47:43Z,386,c48c16f26eebe82aaedb5ee551d4ead85a13ab64
75999269300,25863496686,Create Releases,call-linux / build (cp311-manylinux_x86_64),completed,success,2026-05-14T13:44:25Z,2026-05-14T13:50:11Z,346,e90bd41d593abc4b061a297f284be5e4a53110e6
75951824864,25849327429,Create Releases,call-linux / build (cp311-manylinux_x86_64),completed,success,2026-05-14T08:09:06Z,2026-05-14T08:15:47Z,401,7c121cf7cb65b3217e02a641c20c5925006576d5
75949511686,25848615494,Create Releases,call-linux / build (cp311-manylinux_x86_64),completed,success,2026-05-14T07:50:52Z,2026-05-14T07:57:25Z,393,185bf84c4fd784ab9cb2caaaa8584b9c0299660a
75938314289,25845041034,Create Releases,call-linux / build (cp311-manylinux_x86_64),completed,success,2026-05-14T06:13:27Z,2026-05-14T06:19:34Z,367,847c6579edbfa0e58cc67aa39e34cc8e8ad8a2ec
76040392585,25843856751,Create Releases,call-linux / build (cp311-manylinux_x86_64),completed,success,2026-05-14T17:33:23Z,2026-05-14T17:40:04Z,401,6a6349b8809c385ed9f2fb91d96cc14ba2a1da02
75934534968,25843834771,Create Releases,call-linux / build (cp311-manylinux_x86_64),completed,success,2026-05-14T05:37:14Z,2026-05-14T05:43:08Z,354,686fb19b80aefd310b365644236ae854ef740a58
75932627780,25843195290,Create Releases,call-linux / build (cp311-manylinux_x86_64),completed,success,2026-05-14T05:17:50Z,2026-05-14T05:23:57Z,367,b8cd7f684bd026f3d1265796403dafe4bce05ac6
75932082287,25843023132,Create Releases,call-linux / build (cp311-manylinux_x86_64),completed,cancelled,2026-05-14T05:12:13Z,2026-05-14T05:17:44Z,331,b8cd7f684bd026f3d1265796403dafe4bce05ac6
75928874086,25841922528,Create Releases,call-linux / build (cp311-manylinux_x86_64),completed,success,2026-05-14T04:36:08Z,2026-05-14T04:42:40Z,392,9eb3f61248242d4ede5b310890b9c6366255f5ec
75925689676,25840856254,Create Releases,call-linux / build (cp311-manylinux_x86_64),completed,success,2026-05-14T04:00:50Z,2026-05-14T04:06:49Z,359,f2a83da0c23c98a73a2881e3cb64320dc4baca56
75925583238,25840828465,Create Releases,call-linux / build (cp311-manylinux_x86_64),completed,cancelled,2026-05-14T03:59:45Z,2026-05-14T04:00:43Z,58,f2a83da0c23c98a73a2881e3cb64320dc4baca56
75534032906,25724605295,Create Releases,call-linux / build (cp311-manylinux_x86_64),completed,success,2026-05-12T09:04:54Z,2026-05-12T09:12:53Z,479,92b94eaa650aadfa2593da1f5e8c9b14f73ac1e9
75378561521,25677245057,Create Releases,call-linux / build (cp311-manylinux_x86_64),completed,success,2026-05-11T14:44:09Z,2026-05-11T14:51:04Z,415,ff0ea58a4933d40734e653045fc81eb2224dc557
75374529050,25676133611,Create Releases,call-linux / build (cp311-manylinux_x86_64),completed,success,2026-05-11T14:24:52Z,2026-05-11T14:35:24Z,632,b9a4f549e9a212beb04754981b4c997f9d20a7ef
75372825072,25675706076,Create Releases,call-linux / build (cp311-manylinux_x86_64),completed,cancelled,2026-05-11T14:15:57Z,2026-05-11T14:15:58Z,1,e92c5ee552a2cf880ec84ab6ada2691c3cbd8039
75372175876,25674481644,Create Releases,call-linux / build (cp311-manylinux_x86_64),completed,cancelled,2026-05-11T14:12:30Z,2026-05-11T14:12:31Z,1,0bf8591cfcb1aa4e664f4fdd835e57c8c5576771
78667881075,26691237483,Create Releases,call-linux / build (cp311-manylinux_x86_64),completed,success,2026-05-30T18:12:16Z,2026-05-30T18:18:47Z,391,882a5ef11bf987462e0fbaf9d95d5e640a7b82c7
78781738194,26733394416,Create Releases,call-linux / build (cp311-manylinux_x86_64),completed,cancelled,2026-06-01T03:22:49Z,2026-06-01T03:22:49Z,0,248a9201eaf2fbfef9511533a0596a9170746705
78781741047,26733394458,Create Releases,call-linux / build (cp311-manylinux_x86_64),completed,success,2026-06-01T03:22:53Z,2026-06-01T03:29:17Z,384,248a9201eaf2fbfef9511533a0596a9170746705
78781707279,26733384427,Create Releases,call-linux / build (cp311-manylinux_x86_64),completed,success,2026-06-01T03:22:29Z,2026-06-01T03:28:10Z,341,0e0eb9b6ba71fd1bfa9a7a150e544804c0cb293e
78781704663,26733384124,Create Releases,call-linux / build (cp311-manylinux_x86_64),completed,cancelled,2026-06-01T03:22:26Z,2026-06-01T03:22:26Z,0,0e0eb9b6ba71fd1bfa9a7a150e544804c0cb293e
78771429912,26729779643,Create Releases,call-linux / build (cp311-manylinux_x86_64),completed,success,2026-06-01T01:02:07Z,2026-06-01T01:07:59Z,352,882a5ef11bf987462e0fbaf9d95d5e640a7b82c7
78805258851,26741145527,Create Releases,call-linux / build (cp311-manylinux_x86_64),completed,cancelled,2026-06-01T07:25:52Z,2026-06-01T07:25:53Z,1,248a9201eaf2fbfef9511533a0596a9170746705
78805263795,26741145542,Create Releases,call-linux / build (cp311-manylinux_x86_64),completed,success,2026-06-01T07:25:57Z,2026-06-01T07:31:51Z,354,248a9201eaf2fbfef9511533a0596a9170746705
78805242095,26741140211,Create Releases,call-linux / build (cp311-manylinux_x86_64),completed,cancelled,2026-06-01T07:25:44Z,2026-06-01T07:25:45Z,1,0e0eb9b6ba71fd1bfa9a7a150e544804c0cb293e
78805247214,26741140532,Create Releases,call-linux / build (cp311-manylinux_x86_64),completed,success,2026-06-01T07:25:49Z,2026-06-01T07:31:54Z,365,0e0eb9b6ba71fd1bfa9a7a150e544804c0cb293e
78800974199,26739833450,Create Releases,call-linux / build (cp311-manylinux_x86_64),completed,success,2026-06-01T06:52:34Z,2026-06-01T06:58:09Z,335,248a9201eaf2fbfef9511533a0596a9170746705
78800966227,26739832705,Create Releases,call-linux / build (cp311-manylinux_x86_64),completed,cancelled,2026-06-01T06:52:29Z,2026-06-01T06:52:30Z,1,248a9201eaf2fbfef9511533a0596a9170746705
78800951189,26739828109,Create Releases,call-linux / build (cp311-manylinux_x86_64),completed,cancelled,2026-06-01T06:52:21Z,2026-06-01T06:52:21Z,0,0e0eb9b6ba71fd1bfa9a7a150e544804c0cb293e
78800955347,26739828095,Create Releases,call-linux / build (cp311-manylinux_x86_64),completed,success,2026-06-01T06:52:25Z,2026-06-01T06:56:39Z,254,0e0eb9b6ba71fd1bfa9a7a150e544804c0cb293e
78800498422,26739686350,Create Releases,call-linux / build (cp311-manylinux_x86_64),completed,success,2026-06-01T06:48:43Z,2026-06-01T06:54:42Z,359,8847da48ff3bcf9314cdebb1a44114f723a8de4d
78999880964,26798477571,Create Releases,call-linux / build (cp311-manylinux_x86_64),completed,success,2026-06-02T04:30:31Z,2026-06-02T04:37:30Z,419,171856ba0d7f97bc5e56225fad8d5eadfdfcb520
78960599440,26785650779,Create Releases,call-linux / build (cp311-manylinux_x86_64),completed,cancelled,2026-06-01T22:22:35Z,2026-06-01T22:22:35Z,0,13b569e8e9b3c1bce38cc7cecf0c4e4ddc9818e8
78960605386,26785650853,Create Releases,call-linux / build (cp311-manylinux_x86_64),completed,success,2026-06-01T22:22:39Z,2026-06-01T22:28:42Z,363,13b569e8e9b3c1bce38cc7cecf0c4e4ddc9818e8
78959354619,26785260837,Create Releases,call-linux / build (cp311-manylinux_x86_64),completed,success,2026-06-01T22:13:37Z,2026-06-01T22:19:36Z,359,a46579e3800d7bc7e68a97376c1fff97fd44ad43
78953995789,26783612557,Create Releases,call-linux / build (cp311-manylinux_x86_64),completed,success,2026-06-01T21:38:23Z,2026-06-01T21:44:26Z,363,b06ca965c01bc173de405baf4754784105ff5ff8
78926229880,26775573491,Create Releases,call-linux / build (cp311-manylinux_x86_64),completed,success,2026-06-01T19:01:01Z,2026-06-01T19:08:40Z,459,9fd56267925f7fe1b342a1da2c55e792b3bddc0b
78925955366,26775515452,Create Releases,call-linux / build (cp311-manylinux_x86_64),completed,cancelled,2026-06-01T18:59:33Z,2026-06-01T19:00:52Z,79,c88b691a79cfdf26280ae9fcae3d6d303563f9d6
78910886513,26771211139,Create Releases,call-linux / build (cp311-manylinux_x86_64),completed,success,2026-06-01T17:35:29Z,2026-06-01T17:41:36Z,367,9e681af68cdc310fbe56a8b0d551bfd15cbe02d8
78910858586,26771207820,Create Releases,call-linux / build (cp311-manylinux_x86_64),completed,cancelled,2026-06-01T17:35:20Z,2026-06-01T17:35:23Z,3,9e681af68cdc310fbe56a8b0d551bfd15cbe02d8
78909802686,26770845162,Create Releases,call-linux / build (cp311-manylinux_x86_64),completed,success,2026-06-01T17:29:26Z,2026-06-01T17:35:28Z,362,63da149880e76d83f2ac29ca7c4ac2811274b01f
78909018661,26770679802,Create Releases,call-linux / build (cp311-manylinux_x86_64),completed,success,2026-06-01T17:24:58Z,2026-06-01T17:31:15Z,377,54a837f22ab2ad899c61db735ef8d29e831f2ebc
78907987372,26770387787,Create Releases,call-linux / build (cp311-manylinux_x86_64),completed,success,2026-06-01T17:19:05Z,2026-06-01T17:24:55Z,350,430ba095f64e29ac938bf88ee22819cc3207e39b
78903409200,26769096637,Create Releases,call-linux / build (cp311-manylinux_x86_64),completed,success,2026-06-01T16:53:29Z,2026-06-01T16:59:24Z,355,bc3be77bec2f628788796dff60819186bacf49df
78895901331,26766968061,Create Releases,call-linux / build (cp311-manylinux_x86_64),completed,success,2026-06-01T16:11:51Z,2026-06-01T16:18:06Z,375,e945daf7e12eaeb624ce1edd39ccdbb97879626d
78892256839,26765955570,Create Releases,call-linux / build (cp311-manylinux_x86_64),completed,success,2026-06-01T15:52:58Z,2026-06-01T15:59:09Z,371,e945daf7e12eaeb624ce1edd39ccdbb97879626d
78880785774,26762802983,Create Releases,call-linux / build (cp311-manylinux_x86_64),completed,success,2026-06-01T14:55:44Z,2026-06-01T15:01:44Z,360,f031dd6a59f9d944d47565988e05fa9f099a75ce
78880773096,26762801067,Create Releases,call-linux / build (cp311-manylinux_x86_64),completed,cancelled,2026-06-01T14:55:38Z,2026-06-01T14:55:39Z,1,f031dd6a59f9d944d47565988e05fa9f099a75ce
78878869287,26762275512,Create Releases,call-linux / build (cp311-manylinux_x86_64),completed,failure,2026-06-01T14:46:33Z,2026-06-01T14:46:45Z,12,293ad621a244fb501a5ed9660c01e666ba5e3e86
79219778676,26862744512,Create Releases,call-linux / build (cp311-manylinux_x86_64),completed,success,2026-06-03T03:56:21Z,2026-06-03T04:02:21Z,360,91d4eab54133da2a3a6f351f2ccb2ffce20c2e90
79214136886,26860942977,Create Releases,call-linux / build (cp311-manylinux_x86_64),completed,success,2026-06-03T02:57:38Z,2026-06-03T03:02:46Z,308,95dce7edecaa6fe1b62036e5b4c3c4c36238c12d
79205724521,26858167208,Create Releases,call-linux / build (cp311-manylinux_x86_64),completed,success,2026-06-03T01:29:16Z,2026-06-03T01:35:28Z,372,954b17916f2b1fb3a2499e74e34bdedbb52450bc
79205160825,26857990056,Create Releases,call-linux / build (cp311-manylinux_x86_64),completed,cancelled,2026-06-03T01:23:29Z,2026-06-03T01:28:52Z,323,23be60bada506e039d18e403a07727d72294d341
79204908405,26857920371,Create Releases,call-linux / build (cp311-manylinux_x86_64),completed,cancelled,2026-06-03T01:20:54Z,2026-06-03T01:23:23Z,149,ace2c57a78f0aaa4a637045285c099aa60bf800a
79204660469,26857844518,Create Releases,call-linux / build (cp311-manylinux_x86_64),completed,success,2026-06-03T01:18:24Z,2026-06-03T01:24:32Z,368,2c9738db9c331f9ac914a303c3b9c0f33baf81be
79204358576,26857746667,Create Releases,call-linux / build (cp311-manylinux_x86_64),completed,success,2026-06-03T01:15:22Z,2026-06-03T01:21:27Z,365,d02f92d1680a0c57108363e76c6e344bfcb0ec42
79204199922,26857696005,Create Releases,call-linux / build (cp311-manylinux_x86_64),completed,success,2026-06-03T01:13:47Z,2026-06-03T01:19:43Z,356,4b3892dcb0100b016d0e4300be440647f1a3a304
79204143038,26857678258,Create Releases,call-linux / build (cp311-manylinux_x86_64),completed,failure,2026-06-03T01:13:13Z,2026-06-03T01:13:45Z,32,f249a5f28adf2a4b0c8d8bc74911ca079a39636f
79199207829,26856076121,Create Releases,call-linux / build (cp311-manylinux_x86_64),completed,success,2026-06-03T00:25:20Z,2026-06-03T00:31:02Z,342,c202c6ece6b897acbc2407fd37f9c34837375e38
79198293146,26855795722,Create Releases,call-linux / build (cp311-manylinux_x86_64),completed,success,2026-06-03T00:16:31Z,2026-06-03T00:22:13Z,342,6dae2470341c3c0fea55b91da6e97b0114519ee2
79197666564,26855591055,Create Releases,call-linux / build (cp311-manylinux_x86_64),completed,success,2026-06-03T00:10:30Z,2026-06-03T00:16:29Z,359,1097a0e1383dad37f41f7419b28b5ef757477623
79197507371,26855541013,Create Releases,call-linux / build (cp311-manylinux_x86_64),completed,success,2026-06-03T00:09:00Z,2026-06-03T00:15:05Z,365,caec81220df6220f8f1ce23c2415a3f668329040
79197449462,26855539283,Create Releases,call-linux / build (cp311-manylinux_x86_64),completed,success,2026-06-03T00:08:27Z,2026-06-03T00:14:35Z,368,14d1a45786f2ea014f254c40aa142f408d357128
79197411130,26855527035,Create Releases,call-linux / build (cp311-manylinux_x86_64),completed,success,2026-06-03T00:08:05Z,2026-06-03T00:14:08Z,363,e7213192387d955695dd32baebb758d88afda14b
79197333014,26855503444,Create Releases,call-linux / build (cp311-manylinux_x86_64),completed,success,2026-06-03T00:07:20Z,2026-06-03T00:12:52Z,332,e364f65b608543a4eda45720a6ce363d0d83e591
79197193534,26855461062,Create Releases,call-linux / build (cp311-manylinux_x86_64),completed,cancelled,2026-06-03T00:06:04Z,2026-06-03T00:07:15Z,71,69abf57f045991263dd47293bf0b5a038ba03aa8
79196880452,26855376383,Create Releases,call-linux / build (cp311-manylinux_x86_64),completed,cancelled,2026-06-03T00:03:22Z,2026-06-03T00:07:58Z,276,d3c90311d0e4bf8ba0886deaa9a69f659cfe0056
79196876382,26855375177,Create Releases,call-linux / build (cp311-manylinux_x86_64),completed,success,2026-06-03T00:03:18Z,2026-06-03T00:08:49Z,331,98dbf724aa28d5a6f64834d9fa4faa1e80981b55
79196867442,26855372396,Create Releases,call-linux / build (cp311-manylinux_x86_64),completed,cancelled,2026-06-03T00:03:15Z,2026-06-03T00:08:23Z,308,5cb259fca980c57164b02f8d673e5f246fa98651
79196856204,26855368796,Create Releases,call-linux / build (cp311-manylinux_x86_64),completed,failure,2026-06-03T00:03:07Z,2026-06-03T00:03:37Z,30,4b4fb509dcf8242eaf880df4b298a1f6d5b0fd54
79196611676,26855289825,Create Releases,call-linux / build (cp311-manylinux_x86_64),completed,cancelled,2026-06-03T00:01:01Z,2026-06-03T00:05:57Z,296,9b97bbf2976dd3b1fb4caeb3d0e5bad15bb15b76
79169781660,26846938784,Create Releases,call-linux / build (cp311-manylinux_x86_64),completed,success,2026-06-02T20:49:50Z,2026-06-02T20:54:54Z,304,bda1f8e035a73806e0d3a1c9fb34e42e1e1b7be0
79168873449,26846934590,Create Releases,call-linux / build (cp311-manylinux_x86_64),completed,cancelled,2026-06-02T20:44:44Z,2026-06-02T20:44:45Z,1,bda1f8e035a73806e0d3a1c9fb34e42e1e1b7be0
79168845676,26846926043,Create Releases,call-linux / build (cp311-manylinux_x86_64),completed,success,2026-06-02T20:44:36Z,2026-06-02T20:50:48Z,372,8e417096d0b20b6dbd1cc881ac3424ccc1621099
79168838387,26846924446,Create Releases,call-linux / build (cp311-manylinux_x86_64),completed,cancelled,2026-06-02T20:44:32Z,2026-06-02T20:44:33Z,1,8e417096d0b20b6dbd1cc881ac3424ccc1621099
79168811261,26846907849,Create Releases,call-linux / build (cp311-manylinux_x86_64),completed,success,2026-06-02T20:44:25Z,2026-06-02T20:50:23Z,358,79fc942d56838f223ce807aa90018c9165b59648
79168765873,26846903703,Create Releases,call-linux / build (cp311-manylinux_x86_64),completed,cancelled,2026-06-02T20:44:11Z,2026-06-02T20:44:14Z,3,79fc942d56838f223ce807aa90018c9165b59648
79168761686,26846900506,Create Releases,call-linux / build (cp311-manylinux_x86_64),completed,success,2026-06-02T20:44:09Z,2026-06-02T20:50:07Z,358,54b009ab67ce764788ac56c05a9d0050d0e47478
79168739536,26846896343,Create Releases,call-linux / build (cp311-manylinux_x86_64),completed,cancelled,2026-06-02T20:44:02Z,2026-06-02T20:44:05Z,3,54b009ab67ce764788ac56c05a9d0050d0e47478
79168445159,26846810700,Create Releases,call-linux / build (cp311-manylinux_x86_64),completed,cancelled,2026-06-02T20:42:22Z,2026-06-02T20:42:23Z,1,aef5b0c3032bdc5ab70862e52024e3dce11d4032
79168453322,26846810823,Create Releases,call-linux / build (cp311-manylinux_x86_64),completed,success,2026-06-02T20:42:28Z,2026-06-02T20:48:39Z,371,aef5b0c3032bdc5ab70862e52024e3dce11d4032
79168422816,26846802620,Create Releases,call-linux / build (cp311-manylinux_x86_64),completed,success,2026-06-02T20:42:22Z,2026-06-02T20:49:11Z,409,f6ba904d34568c39533707bb8bfb36fd773ff649
79168412313,26846800895,Create Releases,call-linux / build (cp311-manylinux_x86_64),completed,cancelled,2026-06-02T20:42:12Z,2026-06-02T20:42:13Z,1,f6ba904d34568c39533707bb8bfb36fd773ff649
79168405250,26846800659,Create Releases,call-linux / build (cp311-manylinux_x86_64),completed,cancelled,2026-06-02T20:42:09Z,2026-06-02T20:42:10Z,1,f6ba904d34568c39533707bb8bfb36fd773ff649
79168352711,26846783942,Create Releases,call-linux / build (cp311-manylinux_x86_64),completed,success,2026-06-02T20:41:54Z,2026-06-02T20:47:49Z,355,a19ee0886be9dd1f31fe986cd2702de9baeb5401
79168335774,26846780441,Create Releases,call-linux / build (cp311-manylinux_x86_64),completed,cancelled,2026-06-02T20:41:46Z,2026-06-02T20:41:47Z,1,a19ee0886be9dd1f31fe986cd2702de9baeb5401
79168344098,26846780732,Create Releases,call-linux / build (cp311-manylinux_x86_64),completed,cancelled,2026-06-02T20:41:49Z,2026-06-02T20:41:50Z,1,a19ee0886be9dd1f31fe986cd2702de9baeb5401
79169230354,26846773086,Create Releases,call-linux / build (cp311-manylinux_x86_64),completed,success,2026-06-02T20:46:45Z,2026-06-02T20:53:01Z,376,68539b60c8dbd277bb54079015cc0eee76829159
79168305236,26846771206,Create Releases,call-linux / build (cp311-manylinux_x86_64),completed,cancelled,2026-06-02T20:41:36Z,2026-06-02T20:41:37Z,1,68539b60c8dbd277bb54079015cc0eee76829159
79168312707,26846771358,Create Releases,call-linux / build (cp311-manylinux_x86_64),completed,cancelled,2026-06-02T20:41:39Z,2026-06-02T20:41:40Z,1,68539b60c8dbd277bb54079015cc0eee76829159
79168270758,26846760009,Create Releases,call-linux / build (cp311-manylinux_x86_64),completed,success,2026-06-02T20:41:27Z,2026-06-02T20:47:14Z,347,49c287ef6dd32fc3dc4d90db49126319d08076a1
79168263028,26846758447,Create Releases,call-linux / build (cp311-manylinux_x86_64),completed,cancelled,2026-06-02T20:41:23Z,2026-06-02T20:41:24Z,1,49c287ef6dd32fc3dc4d90db49126319d08076a1
79169167734,26846754930,Create Releases,call-linux / build (cp311-manylinux_x86_64),completed,success,2026-06-02T20:46:24Z,2026-06-02T20:52:28Z,364,15ff0135bcf030a9c1d44455bbea9f338019d396
79168248205,26846753324,Create Releases,call-linux / build (cp311-manylinux_x86_64),completed,cancelled,2026-06-02T20:41:18Z,2026-06-02T20:41:20Z,2,15ff0135bcf030a9c1d44455bbea9f338019d396
79168232638,26846749438,Create Releases,call-linux / build (cp311-manylinux_x86_64),completed,cancelled,2026-06-02T20:41:13Z,2026-06-02T20:41:14Z,1,15ff0135bcf030a9c1d44455bbea9f338019d396
79168231235,26846747813,Create Releases,call-linux / build (cp311-manylinux_x86_64),completed,success,2026-06-02T20:41:15Z,2026-06-02T20:46:29Z,314,a059d74d7f5dd997d93a70d82f18a7d1149e40ce
79168213633,26846743718,Create Releases,call-linux / build (cp311-manylinux_x86_64),completed,cancelled,2026-06-02T20:41:07Z,2026-06-02T20:41:08Z,1,a059d74d7f5dd997d93a70d82f18a7d1149e40ce
79168222296,26846744446,Create Releases,call-linux / build (cp311-manylinux_x86_64),completed,cancelled,2026-06-02T20:41:09Z,2026-06-02T20:41:11Z,2,a059d74d7f5dd997d93a70d82f18a7d1149e40ce
79168218475,26846743316,Create Releases,call-linux / build (cp311-manylinux_x86_64),completed,success,2026-06-02T20:41:10Z,2026-06-02T20:46:39Z,329,e0adbe241f3e76b44e11aff0bf2e9003942c79e3
79168209994,26846741119,Create Releases,call-linux / build (cp311-manylinux_x86_64),completed,cancelled,2026-06-02T20:41:06Z,2026-06-02T20:41:06Z,0,e0adbe241f3e76b44e11aff0bf2e9003942c79e3
79168203218,26846740146,Create Releases,call-linux / build (cp311-manylinux_x86_64),completed,cancelled,2026-06-02T20:41:03Z,2026-06-02T20:41:04Z,1,e0adbe241f3e76b44e11aff0bf2e9003942c79e3
79159048000,26844156564,Create Releases,call-linux / build (cp311-manylinux_x86_64),completed,success,2026-06-02T19:50:50Z,2026-06-02T19:56:43Z,353,0f6df2163b5d99717d024b44e5eaf213eaaf7bc5
79115346802,26831935056,Create Releases,call-linux / build (cp311-manylinux_x86_64),completed,success,2026-06-02T16:00:20Z,2026-06-02T16:06:06Z,346,36b53571bc26275cde70af4b2bb59fb6772f28f3
79103674486,26828746659,Create Releases,call-linux / build (cp311-manylinux_x86_64),completed,success,2026-06-02T15:06:10Z,2026-06-02T15:12:16Z,366,bc3be77bec2f628788796dff60819186bacf49df
79098304697,26827291175,Create Releases,call-linux / build (cp311-manylinux_x86_64),completed,success,2026-06-02T14:42:26Z,2026-06-02T14:48:01Z,335,b8d6c2a6629912f0a312756fac4e0c1b82058047
79405011609,26915791638,Create Releases,call-linux / build (cp311-manylinux_x86_64),completed,success,2026-06-03T22:02:28Z,2026-06-03T22:08:43Z,375,a7bf3a0f1d18bb62575236ef6e4944980c40e045
79332195803,26895229392,Create Releases,call-linux / build (cp311-manylinux_x86_64),completed,success,2026-06-03T15:31:32Z,2026-06-03T15:38:05Z,393,a4e965f3599a9567619464a0fd69c36355c92305
79474355794,26938639390,Create Releases,call-linux / build (cp311-manylinux_x86_64),completed,success,2026-06-04T07:54:23Z,2026-06-04T07:59:15Z,292,dce5876d6cc6cc30157af7d26a752ef44976da8e
79472488908,26938061975,Create Releases,call-linux / build (cp311-manylinux_x86_64),completed,success,2026-06-04T07:42:13Z,2026-06-04T07:48:08Z,355,05c1bc3bceceb8d3cf11e9e7fc7f19f971c44988
79679693343,27000491064,Create Releases,call-linux / build (cp311-manylinux_x86_64),completed,success,2026-06-05T06:59:19Z,2026-06-05T07:05:00Z,341,784d2ceb12a7e3e7858bf136c05af879c2e42965
79678799037,27000227793,Create Releases,call-linux / build (cp311-manylinux_x86_64),completed,success,2026-06-05T06:52:01Z,2026-06-05T06:58:05Z,364,b9ff68119193b9efde7e13a82f1ca2661288ccf6
79761683742,27024716395,Create Releases,call-linux / build (cp311-manylinux_x86_64),completed,success,2026-06-05T15:43:28Z,2026-06-05T15:49:17Z,349,a31da393ae2dbe603720ee30f563d2870a00871a
79759551335,27024110553,Create Releases,call-linux / build (cp311-manylinux_x86_64),completed,success,2026-06-05T15:31:18Z,2026-06-05T15:37:19Z,361,fe2040a624294669946b45aef5ccf8aee07907ff
79743748963,27019630220,Create Releases,call-linux / build (cp311-manylinux_x86_64),completed,success,2026-06-05T14:05:59Z,2026-06-05T14:11:39Z,340,33f83238be07095aed0ce3d14c65c748629b2757
79699628937,27006601837,Create Releases,call-linux / build (cp311-manylinux_x86_64),completed,failure,2026-06-05T09:19:36Z,2026-06-05T09:24:59Z,323,53d61200c0b966f39027ea46ea4e3078363a0308
79885611846,27065525661,Create Releases,call-linux / build (cp311-manylinux_x86_64),completed,success,2026-06-06T14:55:56Z,2026-06-06T15:01:39Z,343,8b5d2fc7df5dadaafc2d2ba5d2274afa4b1d641b
80006786726,27110299214,Create Releases,call-linux / build (cp311-manylinux_x86_64),completed,success,2026-06-08T01:01:46Z,2026-06-08T01:07:33Z,347,b55282569f300ebe00a3e8ac90462421c6cca5e7
80315321784,27204118926,Create Releases,call-linux / build (cp311-manylinux_x86_64),completed,success,2026-06-09T11:50:00Z,2026-06-09T11:55:48Z,348,8de2cf6aa47928e6515ac6d9e1a8b4758886a7df
80425040717,27235131533,Create Releases,call-linux / build (cp311-manylinux_x86_64),completed,success,2026-06-09T20:52:59Z,2026-06-09T20:58:57Z,358,196dae8937891873896b6cdae7e02fe1696989ad
80414966668,27232199790,Create Releases,call-linux / build (cp311-manylinux_x86_64),completed,success,2026-06-09T19:59:53Z,2026-06-09T20:05:54Z,361,0b07567df6ee5417e44de38dbde8a560eed9c1b6
80376114127,27221184028,Create Releases,call-linux / build (cp311-manylinux_x86_64),completed,success,2026-06-09T16:39:18Z,2026-06-09T16:44:57Z,339,b124e0188a8bc47c9de8157e3296df6c77fdc06b
80688497331,27313391247,Create Releases,call-linux / build (cp311-manylinux_x86_64),completed,success,2026-06-10T23:36:51Z,2026-06-10T23:41:41Z,290,8165d4a272f200497015b48a9f61266d55ca77eb
80708713974,27264930497,Create Releases,call-linux / build (cp311-manylinux_x86_64),completed,success,2026-06-10T08:54:16Z,2026-06-10T09:00:06Z,350,b124e0188a8bc47c9de8157e3296df6c77fdc06b
80880206696,27370219333,Create Releases,call-linux / build (cp311-manylinux_x86_64),completed,success,2026-06-11T18:55:21Z,2026-06-11T19:01:18Z,357,777531d88b75bcd339f0841c7555bd0dbecc92fc
81057457590,27424195432,Create Releases,call-linux / build (cp311-manylinux_x86_64),completed,success,2026-06-12T15:05:08Z,2026-06-12T15:11:10Z,362,45062c663dd15e4a10e4030361a8139bf6568d30
81393687201,27538430982,Create Releases,call-linux / build (cp311-manylinux_x86_64),completed,success,2026-06-15T09:56:47Z,2026-06-15T10:02:52Z,365,1eb1a5b2e9aab02e98ab92720f50dfd2697d688f
81386683356,27536354454,Create Releases,call-linux / build (cp311-manylinux_x86_64),completed,success,2026-06-15T09:18:20Z,2026-06-15T09:24:29Z,369,eda03851c322d0132a937f983cef83fb33c0dd9b
81341264878,27521863394,Create Releases,call-linux / build (cp311-manylinux_x86_64),completed,success,2026-06-15T03:16:26Z,2026-06-15T03:22:02Z,336,7989b3ca2b8c0b4732e315f5bb689bcb51734903
81330411273,27518072289,Create Releases,call-linux / build (cp311-manylinux_x86_64),completed,success,2026-06-15T01:06:06Z,2026-06-15T01:12:09Z,363,45062c663dd15e4a10e4030361a8139bf6568d30
81584303772,27595308677,Create Releases,call-linux / build (cp311-manylinux_x86_64),completed,success,2026-06-16T05:01:20Z,2026-06-16T05:07:29Z,369,754c761c288319c626b7e194ede4c3a53172390f
81414482238,27544553158,Create Releases,call-linux / build (cp311-manylinux_x86_64),completed,success,2026-06-15T11:57:23Z,2026-06-15T12:02:51Z,328,2bb50465112feca9003e1ed654d77f01ff1415ca
81414133378,27544450450,Create Releases,call-linux / build (cp311-manylinux_x86_64),completed,cancelled,2026-06-15T11:55:01Z,2026-06-15T11:57:13Z,132,2bb50465112feca9003e1ed654d77f01ff1415ca
82090363769,27747806131,Create Releases,call-linux / build (cp311-manylinux_x86_64),completed,success,2026-06-18T08:46:30Z,2026-06-18T08:52:29Z,359,2e2abafa0848e4ba497fcdfbc52c720b9890bcbb
82055016552,27736736484,Create Releases,call-linux / build (cp311-manylinux_x86_64),completed,success,2026-06-18T04:28:31Z,2026-06-18T04:34:14Z,343,ff0c41065e4e5ec48f1a651907ec1815b042d2ce
81976384052,27712364766,Create Releases,call-linux / build (cp311-manylinux_x86_64),completed,success,2026-06-17T18:54:26Z,2026-06-17T18:59:58Z,332,c292980200d8eb460eefe8250910f0b371f7ba03
81973207580,27711358393,Create Releases,call-linux / build (cp311-manylinux_x86_64),completed,success,2026-06-17T18:38:02Z,2026-06-17T18:43:53Z,351,e70eec4dc8a73533f3873a4ac29f949a61adeb0b
81972266102,27711160081,Create Releases,call-linux / build (cp311-manylinux_x86_64),completed,cancelled,2026-06-17T18:33:13Z,2026-06-17T18:36:56Z,223,c7eee8b53409834aadb29e9060569c84686e42be
81966982173,27709551284,Create Releases,call-linux / build (cp311-manylinux_x86_64),completed,success,2026-06-17T18:05:49Z,2026-06-17T18:12:23Z,394,514c9aa5669a8be868f18021966a5bdb0f30768c
81965520042,27709185064,Create Releases,call-linux / build (cp311-manylinux_x86_64),completed,success,2026-06-17T17:58:26Z,2026-06-17T18:04:17Z,351,af91bc6a2d4595b5810abccb79c57e1f80755e01
81965356209,27709136555,Create Releases,call-linux / build (cp311-manylinux_x86_64),completed,success,2026-06-17T17:57:37Z,2026-06-17T18:04:02Z,385,dd14fc2afe64d49a70d1b43893584322300c9312
81962953862,27708148335,Create Releases,call-linux / build (cp311-manylinux_x86_64),completed,success,2026-06-17T17:45:22Z,2026-06-17T17:51:40Z,378,e3afdd61f294b1af84eb24e013e1f2812155d186
81961946830,27708139425,Create Releases,call-linux / build (cp311-manylinux_x86_64),completed,cancelled,2026-06-17T17:40:17Z,2026-06-17T17:40:21Z,4,e3afdd61f294b1af84eb24e013e1f2812155d186
81961938316,27708138904,Create Releases,call-linux / build (cp311-manylinux_x86_64),completed,cancelled,2026-06-17T17:40:12Z,2026-06-17T17:40:13Z,1,e3afdd61f294b1af84eb24e013e1f2812155d186
81961908593,27708128781,Create Releases,call-linux / build (cp311-manylinux_x86_64),completed,success,2026-06-17T17:40:05Z,2026-06-17T17:46:00Z,355,7d6db8fe031c855fc54fd062363b958710f903a3
81961899329,27708127207,Create Releases,call-linux / build (cp311-manylinux_x86_64),completed,cancelled,2026-06-17T17:40:00Z,2026-06-17T17:40:01Z,1,7d6db8fe031c855fc54fd062363b958710f903a3
81972881307,27708121585,Create Releases,call-linux / build (cp311-manylinux_x86_64),completed,success,2026-06-17T17:40:00Z,2026-06-17T17:45:26Z,326,1bb52ca98d014e426bf292d542e90ce03737897b
81961866342,27708117910,Create Releases,call-linux / build (cp311-manylinux_x86_64),completed,cancelled,2026-06-17T17:39:52Z,2026-06-17T17:39:55Z,3,1bb52ca98d014e426bf292d542e90ce03737897b
81961689711,27708055884,Create Releases,call-linux / build (cp311-manylinux_x86_64),completed,success,2026-06-17T17:39:04Z,2026-06-17T17:44:48Z,344,c61d2f04bc71e58c4d5761c595fa0d6ceb6846d1
81961632443,27708050361,Create Releases,call-linux / build (cp311-manylinux_x86_64),completed,cancelled,2026-06-17T17:38:41Z,2026-06-17T17:38:48Z,7,c61d2f04bc71e58c4d5761c595fa0d6ceb6846d1
81962630758,27708049405,Create Releases,call-linux / build (cp311-manylinux_x86_64),completed,success,2026-06-17T17:43:42Z,2026-06-17T17:49:54Z,372,44402851712dc43103473d94518d60ef9c0cab33
81961623917,27708047729,Create Releases,call-linux / build (cp311-manylinux_x86_64),completed,cancelled,2026-06-17T17:38:36Z,2026-06-17T17:38:38Z,2,44402851712dc43103473d94518d60ef9c0cab33
81961376640,27707975607,Create Releases,call-linux / build (cp311-manylinux_x86_64),completed,success,2026-06-17T17:37:28Z,2026-06-17T17:43:15Z,347,1c589300dc7f81537b274958dbe1e5a426d39ea9
82304207386,27811977856,Create Releases,call-linux / build (cp311-manylinux_x86_64),completed,success,2026-06-19T07:29:18Z,2026-06-19T07:34:45Z,327,b475559fbceea0bc70ada62d903b2e463e0063f2
82473277896,27867247130,Create Releases,call-linux / build (cp311-manylinux_x86_64),completed,success,2026-06-20T09:38:26Z,2026-06-20T09:42:15Z,229,7084c98e9bb9af716e9adafac130d811192166e3
82437853266,27853942268,Create Releases,call-linux / build (cp311-manylinux_x86_64),completed,success,2026-06-20T00:01:56Z,2026-06-20T00:07:43Z,347,2816da65b11128bec0f3953ccc79884598232348
82432598767,27851989139,Create Releases,call-linux / build (cp311-manylinux_x86_64),completed,success,2026-06-19T22:52:33Z,2026-06-19T22:57:48Z,315,921de796b21245ffef3f4b78022bdf283d443017
82430989857,27851394771,Create Releases,call-linux / build (cp311-manylinux_x86_64),completed,success,2026-06-19T22:33:02Z,2026-06-19T22:37:37Z,275,8bc53246bd44de7cb8ad2aaff95694ec2d028081
82621088134,27923392924,Create Releases,call-linux / build (cp311-manylinux_x86_64),completed,success,2026-06-22T01:04:55Z,2026-06-22T01:10:28Z,333,d694b70a59127f96915d3b96f3898aeb706d848e
82620228195,27923095056,Create Releases,call-linux / build (cp311-manylinux_x86_64),completed,success,2026-06-22T00:53:14Z,2026-06-22T00:59:15Z,361,d694b70a59127f96915d3b96f3898aeb706d848e
83221087871,28106222555,Create Releases,call-linux / build (cp311-manylinux_x86_64),completed,success,2026-06-24T14:33:38Z,2026-06-24T14:39:37Z,359,e914f965eda3855654520a6fe2bc53bb1b29e395
83127774211,28078490064,Create Releases,call-linux / build (cp311-manylinux_x86_64),completed,success,2026-06-24T05:58:30Z,2026-06-24T06:04:09Z,339,fb69ac0c4d09dcc1958ad73554a62332faa3ccdb
83091148577,28066270558,Create Releases,call-linux / build (cp311-manylinux_x86_64),completed,success,2026-06-24T00:21:23Z,2026-06-24T00:27:05Z,342,e83db7f040e001d942c53cfc4da0a9a95ebf72a7
83074635592,28060921160,Create Releases,call-linux / build (cp311-manylinux_x86_64),completed,success,2026-06-23T22:18:31Z,2026-06-23T22:24:19Z,348,f1897e812c969387e2982487d61c8b16940142e7
82994237519,28037376024,Create Releases,call-linux / build (cp311-manylinux_x86_64),completed,success,2026-06-23T15:33:56Z,2026-06-23T15:39:17Z,321,97b3c37ff287ef1f268c5a7e6c3cc7c81cb17ef6
82852600525,27994124688,Create Releases,call-linux / build (cp311-manylinux_x86_64),completed,success,2026-06-23T00:43:40Z,2026-06-23T00:49:09Z,329,4e165a608aa9117ae8a57a9b559a4ff15d9a9464
83967680979,28345422882,Create Releases,call-linux / build (cp311-manylinux_x86_64),completed,success,2026-06-29T02:47:35Z,2026-06-29T02:53:36Z,361,66c357e7ebcfef1c241a7eec1fc5ed8c222ede42
83960525581,28342853778,Create Releases,call-linux / build (cp311-manylinux_x86_64),completed,success,2026-06-29T01:23:29Z,2026-06-29T01:29:15Z,346,e5a394a38215e738749aafa696bb175eafb87bbb
83958489996,28342136002,Create Releases,call-linux / build (cp311-manylinux_x86_64),completed,success,2026-06-29T00:59:34Z,2026-06-29T01:04:57Z,323,8c4af95b5c42830f8c5555c4c89f721a7de7067c
83928553047,28330819423,Create Releases,call-linux / build (cp311-manylinux_x86_64),completed,success,2026-06-28T17:50:23Z,2026-06-28T17:56:16Z,353,c039ef6d092e4eb45539687d09120e6d9734962f
83920554232,28327744599,Create Releases,call-linux / build (cp311-manylinux_x86_64),completed,success,2026-06-28T15:55:37Z,2026-06-28T16:01:13Z,336,8c4af95b5c42830f8c5555c4c89f721a7de7067c
83916090396,28326030556,Create Releases,call-linux / build (cp311-manylinux_x86_64),completed,success,2026-06-28T14:52:36Z,2026-06-28T14:57:58Z,322,7251b47c83ae06ef19a098b0ee090dfb4292ca6c
83892916720,28317324190,Create Releases,call-linux / build (cp311-manylinux_x86_64),completed,success,2026-06-28T09:04:04Z,2026-06-28T09:09:56Z,352,771762a1afd487a73476dec43160451b20af47c6
83868881651,28308486298,Create Releases,call-linux / build (cp311-manylinux_x86_64),completed,success,2026-06-28T02:10:21Z,2026-06-28T02:16:01Z,340,19a4e032739ba58204a1ec0183e4395e5a6cd056
83835987795,28296029823,Create Releases,call-linux / build (cp311-manylinux_x86_64),completed,success,2026-06-27T17:09:06Z,2026-06-27T17:14:36Z,330,3967e73ca76c110378912103e3f26ddc1a49dfb6
83834570222,28295492655,Create Releases,call-linux / build (cp311-manylinux_x86_64),completed,success,2026-06-27T16:47:15Z,2026-06-27T16:52:48Z,333,1523de3915603a41224a75f590bdb2eb06df3968
83663914927,28239914025,Create Releases,call-linux / build (cp311-manylinux_x86_64),completed,success,2026-06-26T13:05:26Z,2026-06-26T13:11:25Z,359,6108817474f7c61cac2360a1b0223f6286c12934
84770978367,28590007803,Create Releases,call-linux / build (cp311-manylinux_x86_64),completed,success,2026-07-02T12:29:12Z,2026-07-02T12:34:48Z,336,d2587ec8022becbe9495aff29cd5fe0542bbebcd
84769880535,28589698833,Create Releases,call-linux / build (cp311-manylinux_x86_64),completed,cancelled,2026-07-02T12:23:36Z,2026-07-02T12:29:00Z,324,773395052b381d5b30a3646cffacf09d46b91ac9
84762838750,28587438487,Create Releases,call-linux / build (cp311-manylinux_x86_64),completed,failure,2026-07-02T11:46:58Z,2026-07-02T11:47:08Z,10,be424cca4ee91efd522675de79eab58ff5212efa
84752583723,28584495384,Create Releases,call-linux / build (cp311-manylinux_x86_64),completed,failure,2026-07-02T10:51:21Z,2026-07-02T10:51:30Z,9,9bd020392741f978853a8df23f67142f11dadff8
84750102687,28583756787,Create Releases,call-linux / build (cp311-manylinux_x86_64),completed,success,2026-07-02T10:37:42Z,2026-07-02T10:43:31Z,349,b2e2ba260d6e84b58459d69419a8088a43d310e6
84711254197,28571868114,Create Releases,call-linux / build (cp311-manylinux_x86_64),completed,success,2026-07-02T07:04:05Z,2026-07-02T07:09:48Z,343,a5934724a474d61f09bdc012bbd32d0520f1d667
84697599291,28567453766,Create Releases,call-linux / build (cp311-manylinux_x86_64),completed,success,2026-07-02T05:22:46Z,2026-07-02T05:28:52Z,366,6722590f25abaa0273fe86cce0b87ac4e0b960ca
84690062911,28564905194,Create Releases,call-linux / build (cp311-manylinux_x86_64),completed,success,2026-07-02T04:14:09Z,2026-07-02T04:20:19Z,370,29f3349de8f0911f294f57db15ed3aec270949f4
84671598439,28558674012,Create Releases,call-linux / build (cp311-manylinux_x86_64),completed,success,2026-07-02T01:18:59Z,2026-07-02T01:24:45Z,346,ddf08c8e093707dee888e2da3dbf4e50a35cb560
84595213292,28535355746,Create Releases,call-linux / build (cp311-manylinux_x86_64),completed,success,2026-07-01T17:21:10Z,2026-07-01T17:27:09Z,359,9ecfe9cc345a320ccd94551eef07f61cafdb1b30
84595204336,28535354530,Create Releases,call-linux / build (cp311-manylinux_x86_64),completed,cancelled,2026-07-01T17:21:05Z,2026-07-01T17:21:06Z,1,9ecfe9cc345a320ccd94551eef07f61cafdb1b30
84594420502,28535104046,Create Releases,call-linux / build (cp311-manylinux_x86_64),completed,success,2026-07-01T17:17:01Z,2026-07-01T17:22:54Z,353,e2492a4baf621f7a73b9cde3bd4716de35d034bc
84594131099,28535039646,Create Releases,call-linux / build (cp311-manylinux_x86_64),completed,cancelled,2026-07-01T17:15:32Z,2026-07-01T17:16:56Z,84,0b8b0e707722dd28303e93282e37348a8fbf4f9c
84583806397,28532028529,Create Releases,call-linux / build (cp311-manylinux_x86_64),completed,success,2026-07-01T16:22:24Z,2026-07-01T16:27:43Z,319,28e07546eaf45851757ed653786f4714c5ec62c8
84583705149,28532015626,Create Releases,call-linux / build (cp311-manylinux_x86_64),completed,cancelled,2026-07-01T16:21:53Z,2026-07-01T16:22:20Z,27,33a8a43f726ce11e3cc575d1f3b4b728514997b7
84578916126,28530643283,Create Releases,call-linux / build (cp311-manylinux_x86_64),completed,success,2026-07-01T15:58:25Z,2026-07-01T16:03:58Z,333,6be661881ee9fb6ebc1a7ab088dea786a3a8b77a
84578450042,28530509839,Create Releases,call-linux / build (cp311-manylinux_x86_64),completed,success,2026-07-01T15:56:13Z,2026-07-01T16:01:37Z,324,6ce73bc6c837947043eb7f2812ee403159d6c6cf
84575418810,28529624995,Create Releases,call-linux / build (cp311-manylinux_x86_64),completed,success,2026-07-01T15:42:01Z,2026-07-01T15:47:43Z,342,5bf1394157a5a937ebb692f950463bb4a86140a7
84572906878,28528918261,Create Releases,call-linux / build (cp311-manylinux_x86_64),completed,success,2026-07-01T15:30:30Z,2026-07-01T15:36:27Z,357,3f416b4a72562aea4dd15f1e37eba8d53d7c9e47
84570669259,28528298682,Create Releases,call-linux / build (cp311-manylinux_x86_64),completed,success,2026-07-01T15:20:38Z,2026-07-01T15:26:11Z,333,37b1aca7ae8dbc0458beafce31e4825af632944a
84570598701,28528255196,Create Releases,call-linux / build (cp311-manylinux_x86_64),completed,success,2026-07-01T15:20:18Z,2026-07-01T15:26:11Z,353,c084a89705edc1cc44832625b6c35345a3db3493
84570408531,28528223520,Create Releases,call-linux / build (cp311-manylinux_x86_64),completed,success,2026-07-01T15:19:29Z,2026-07-01T15:25:19Z,350,d76478e89a620211408497f4b4eeef705bcbab4b
84570313832,28528196699,Create Releases,call-linux / build (cp311-manylinux_x86_64),completed,cancelled,2026-07-01T15:19:04Z,2026-07-01T15:20:13Z,69,1f4ced472a48c1da0ebb343860037d8ae81fca8b
84567175862,28527318564,Create Releases,call-linux / build (cp311-manylinux_x86_64),completed,cancelled,2026-07-01T15:05:09Z,2026-07-01T15:05:10Z,1,703f3fa981c4ec3bf96526a4965a58f0705d9d1f
84567205213,28527318822,Create Releases,call-linux / build (cp311-manylinux_x86_64),completed,success,2026-07-01T15:05:19Z,2026-07-01T15:11:08Z,349,703f3fa981c4ec3bf96526a4965a58f0705d9d1f
84567115190,28527299749,Create Releases,call-linux / build (cp311-manylinux_x86_64),completed,success,2026-07-01T15:04:55Z,2026-07-01T15:10:37Z,342,b9f6fa6b263d714255d1512926c5262757c4b86d
84567104617,28527298779,Create Releases,call-linux / build (cp311-manylinux_x86_64),completed,cancelled,2026-07-01T15:04:50Z,2026-07-01T15:04:51Z,1,b9f6fa6b263d714255d1512926c5262757c4b86d
84567055249,28527282907,Create Releases,call-linux / build (cp311-manylinux_x86_64),completed,success,2026-07-01T15:04:39Z,2026-07-01T15:10:09Z,330,e43d3a4375a6b804b250d6961bb802c0a66270a6
84567044730,28527281697,Create Releases,call-linux / build (cp311-manylinux_x86_64),completed,cancelled,2026-07-01T15:04:35Z,2026-07-01T15:04:36Z,1,e43d3a4375a6b804b250d6961bb802c0a66270a6
84567005291,28527269178,Create Releases,call-linux / build (cp311-manylinux_x86_64),completed,success,2026-07-01T15:04:26Z,2026-07-01T15:09:57Z,331,93b68acd9669c7d5240fe282ce03bc606b656612
84566995912,28527268303,Create Releases,call-linux / build (cp311-manylinux_x86_64),completed,cancelled,2026-07-01T15:04:22Z,2026-07-01T15:04:23Z,1,93b68acd9669c7d5240fe282ce03bc606b656612
84566726009,28527194190,Create Releases,call-linux / build (cp311-manylinux_x86_64),completed,success,2026-07-01T15:03:15Z,2026-07-01T15:08:46Z,331,093c75ed1836d770072c2f5517fd6d04bf611d17
84566712054,28527191583,Create Releases,call-linux / build (cp311-manylinux_x86_64),completed,cancelled,2026-07-01T15:03:09Z,2026-07-01T15:03:11Z,2,093c75ed1836d770072c2f5517fd6d04bf611d17
84427564575,28484388406,Create Releases,call-linux / build (cp311-manylinux_x86_64),completed,success,2026-07-01T00:14:23Z,2026-07-01T00:17:59Z,216,72d86b658ab3b4b9e0bc748d3efa019dc0f8541f
84427559496,28484388137,Create Releases,call-linux / build (cp311-manylinux_x86_64),completed,cancelled,2026-07-01T00:14:19Z,2026-07-01T00:14:20Z,1,72d86b658ab3b4b9e0bc748d3efa019dc0f8541f
84427095083,28484215017,Create Releases,call-linux / build (cp311-manylinux_x86_64),completed,success,2026-07-01T00:10:31Z,2026-07-01T00:16:25Z,354,5e059dbeff839bf4e1a4234e7c9cfc2d98b862b7
84426800986,28484131253,Create Releases,call-linux / build (cp311-manylinux_x86_64),completed,cancelled,2026-07-01T00:08:09Z,2026-07-01T00:10:23Z,134,5bb9e164b0f87384772e3e2f2ca7e76ec6467245
84334127579,28456919419,Create Releases,call-linux / build (cp311-manylinux_x86_64),completed,success,2026-06-30T15:42:13Z,2026-06-30T15:48:17Z,364,8fba37cf78f95bc759a2ba978be5a5b9007f0af5
84326964569,28454922410,Create Releases,call-linux / build (cp311-manylinux_x86_64),completed,success,2026-06-30T15:11:57Z,2026-06-30T15:17:40Z,343,cd544b1c2492c466d574e1a18671495a0bd4723f
84322557401,28453698907,Create Releases,call-linux / build (cp311-manylinux_x86_64),completed,success,2026-06-30T14:53:55Z,2026-06-30T14:59:50Z,355,ca4f618aa3d7c36e4ba9454cb184816d0b5c2f16
84178270805,28409170690,Create Releases,call-linux / build (cp311-manylinux_x86_64),completed,success,2026-06-29T23:21:01Z,2026-06-29T23:26:45Z,344,f320feb96b88ad895541b7caaa63ea1c8000423e
85275829280,28760827587,Create Releases,call-linux / build (cp311-manylinux_x86_64),completed,success,2026-07-06T00:47:40Z,2026-07-06T00:53:31Z,351,262d2cf700155adbe3a431f8ae1367bae8d7549d
85241728488,28747850249,Create Releases,call-linux / build (cp311-manylinux_x86_64),completed,success,2026-07-05T16:46:54Z,2026-07-05T16:53:02Z,368,262d2cf700155adbe3a431f8ae1367bae8d7549d
85198693928,28731784226,Create Releases,call-linux / build (cp311-manylinux_x86_64),completed,success,2026-07-05T06:18:46Z,2026-07-05T06:25:10Z,384,28487453e76391124ac224df4a3ee3a237c6a25c
84971093522,28651716713,Create Releases,call-linux / build (cp311-manylinux_x86_64),completed,success,2026-07-03T09:31:13Z,2026-07-03T09:37:30Z,377,8c7034884b6beeaa95fb68044f89023d02cd2f0f
84934632472,28640222688,Create Releases,call-linux / build (cp311-manylinux_x86_64),completed,success,2026-07-03T05:20:42Z,2026-07-03T05:26:27Z,345,3ed93c060f55c9da68dd3224dad01cc7ffcf91fc
84934554256,28640196296,Create Releases,call-linux / build (cp311-manylinux_x86_64),completed,success,2026-07-03T05:20:04Z,2026-07-03T05:26:16Z,372,a3a55e2e45470f78ce7ebf6a1d4afc02a1c7f95a
84930819958,28638724674,Create Releases,call-linux / build (cp311-manylinux_x86_64),completed,success,2026-07-03T04:42:03Z,2026-07-03T04:48:15Z,372,a3a55e2e45470f78ce7ebf6a1d4afc02a1c7f95a
84930337739,28638709892,Create Releases,call-linux / build (cp311-manylinux_x86_64),completed,cancelled,2026-07-03T04:36:57Z,2026-07-03T04:37:01Z,4,3dfa37f577acec8fd3e2d0e01403e34b23c8b707
84930286971,28638706314,Create Releases,call-linux / build (cp311-manylinux_x86_64),completed,cancelled,2026-07-03T04:36:24Z,2026-07-03T04:36:34Z,10,93d9002262cc040a4f89269d87aeb149b97e3558
84929986078,28638600434,Create Releases,call-linux / build (cp311-manylinux_x86_64),completed,success,2026-07-03T04:33:12Z,2026-07-03T04:38:28Z,316,ad9b4a914b8594d5f4c9faa1fa9836a50b483516
84930007283,28638597013,Create Releases,call-linux / build (cp311-manylinux_x86_64),completed,success,2026-07-03T04:33:25Z,2026-07-03T04:39:16Z,351,f560e4f07dd0791800cf2a2ae3fb640ed19b806b
84929051633,28638282253,Create Releases,call-linux / build (cp311-manylinux_x86_64),completed,success,2026-07-03T04:23:47Z,2026-07-03T04:29:35Z,348,f560e4f07dd0791800cf2a2ae3fb640ed19b806b
84886573669,28624115116,Create Releases,call-linux / build (cp311-manylinux_x86_64),completed,success,2026-07-02T21:56:47Z,2026-07-02T22:02:37Z,350,9ba853366aed4a12502fa56bfc2cc3510119be50
84843432433,28611084179,Create Releases,call-linux / build (cp311-manylinux_x86_64),completed,success,2026-07-02T18:00:18Z,2026-07-02T18:06:08Z,350,b02603c0af29fd0ebc48976b8ad5633dc6f12399
84839474076,28609908766,Create Releases,call-linux / build (cp311-manylinux_x86_64),completed,success,2026-07-02T17:40:17Z,2026-07-02T17:46:28Z,371,054ead89b64d0c1d0322ff3dc282f826dbb8f0a0
84809297103,28601126358,Create Releases,call-linux / build (cp311-manylinux_x86_64),completed,success,2026-07-02T15:17:34Z,2026-07-02T15:23:10Z,336,4c5b0d91c4ccf290e9f1b0565fbca0bfd5c12385
85603167479,28862151892,Create Releases,call-linux / build (cp311-manylinux_x86_64),completed,success,2026-07-07T11:18:35Z,2026-07-07T11:24:16Z,341,7f2ad820f6fef08f4eb3fb16aaf9a32781eda7e1
85589963781,28858221251,Create Releases,call-linux / build (cp311-manylinux_x86_64),completed,success,2026-07-07T10:06:54Z,2026-07-07T10:12:54Z,360,8b2d1dc67c6a14581821adc39d53bfd16d7f14e0
85564222522,28850461803,Create Releases,call-linux / build (cp311-manylinux_x86_64),completed,success,2026-07-07T07:51:26Z,2026-07-07T07:57:09Z,343,dd4b0e90bd5bde23c31911106e7dc3eb79101a6c
85548661311,28845595325,Create Releases,call-linux / build (cp311-manylinux_x86_64),completed,success,2026-07-07T06:11:56Z,2026-07-07T06:18:00Z,364,b6d038f9622cfe913b5020bb7ee6b50934ba3930
85545697989,28844652461,Create Releases,call-linux / build (cp311-manylinux_x86_64),completed,success,2026-07-07T05:49:21Z,2026-07-07T05:55:11Z,350,ff271bd54a840a7eaba1942cc24903927e7c2c43
85520044403,28836072088,Create Releases,call-linux / build (cp311-manylinux_x86_64),completed,success,2026-07-07T01:57:34Z,2026-07-07T02:03:39Z,365,964b886d46d337fa775c6e4012a90534b28cd3ca
85450191492,28814453867,Create Releases,call-linux / build (cp311-manylinux_x86_64),completed,failure,2026-07-06T18:34:41Z,2026-07-06T18:40:24Z,343,caeaeecfe0daba3aec78ccdea7500b5dd6c9ad58
85399664744,28799767367,Create Releases,call-linux / build (cp311-manylinux_x86_64),completed,success,2026-07-06T14:39:03Z,2026-07-06T14:45:02Z,359,b9c8217d9a78077078661a93465ca59aacaa35ce
85370786375,28791418613,Create Releases,call-linux / build (cp311-manylinux_x86_64),completed,success,2026-07-06T12:26:54Z,2026-07-06T12:32:57Z,363,aace1b19ce5a8557fdb07c42f34f728ebb4fb571
86711459035,29215842281,Create Releases,call-linux / build (cp311-manylinux_x86_64),completed,success,2026-07-13T00:41:12Z,2026-07-13T00:47:18Z,366,c237091da202cd623486f57719f851e1434c11a0
86692815089,29208788717,Create Releases,call-linux / build (cp311-manylinux_x86_64),completed,success,2026-07-12T21:00:05Z,2026-07-12T21:05:52Z,347,c237091da202cd623486f57719f851e1434c11a0
86682505589,29204892163,Create Releases,call-linux / build (cp311-manylinux_x86_64),completed,success,2026-07-12T18:58:33Z,2026-07-12T19:04:38Z,365,18ee407e7ce7665ac4b10d5100dae59c25c42fd8
86547482070,29153790448,Create Releases,call-linux / build (cp311-manylinux_x86_64),completed,success,2026-07-11T13:07:49Z,2026-07-11T13:13:56Z,367,65065c741e433130acc7fca0b74d60a80d4e473a
86426979950,29112203846,Create Releases,call-linux / build (cp311-manylinux_x86_64),completed,success,2026-07-10T17:47:06Z,2026-07-10T17:52:33Z,327,1f5f9ef9f9714c12da0adf79e2cbd49a35dab1db
86264591940,29061647321,Create Releases,call-linux / build (cp311-manylinux_x86_64),completed,success,2026-07-10T01:07:24Z,2026-07-10T01:13:41Z,377,135c1ea5e27bd4f2f9e1f222cd4b9ee6e889421d
85882471877,28946754877,Create Releases,call-linux / build (cp311-manylinux_x86_64),completed,success,2026-07-08T13:34:38Z,2026-07-08T13:40:23Z,345,980fd30b0d56c8c8779687ec2179e2a7af136361
85783850132,28916279158,Create Releases,call-linux / build (cp311-manylinux_x86_64),completed,success,2026-07-08T03:55:09Z,2026-07-08T04:00:53Z,344,f2fb04c5962981cd1ce14f8ec2d82922c48532e7
85765937906,28910251987,Create Releases,call-linux / build (cp311-manylinux_x86_64),completed,success,2026-07-08T01:14:13Z,2026-07-08T01:20:16Z,363,4e9c1c3fe044cf3f2e9a1a8508414b15d5ce619a
85668186533,28880805765,Create Releases,call-linux / build (cp311-manylinux_x86_64),completed,success,2026-07-07T16:07:53Z,2026-07-07T16:13:30Z,337,641b2f9935b38de46b5981577e37ff2a6b9e14c4
87083437928,29332424420,Create Releases,call-linux / build (cp311-manylinux_x86_64),completed,success,2026-07-14T12:25:55Z,2026-07-14T12:31:41Z,346,7fbcbca2f821fe9ed88551e8bcef9f522fdba46b
87083428076,29332403209,Create Releases,call-linux / build (cp311-manylinux_x86_64),completed,cancelled,2026-07-14T12:25:50Z,2026-07-14T12:25:51Z,1,7fbcbca2f821fe9ed88551e8bcef9f522fdba46b
86857255857,29261858153,Create Releases,call-linux / build (cp311-manylinux_x86_64),completed,success,2026-07-13T15:22:32Z,2026-07-13T15:28:39Z,367,cb9eb1006db31582d7cf1e4fae7b1a5f287df494
86855099121,29261333046,Create Releases,call-linux / build (cp311-manylinux_x86_64),completed,success,2026-07-13T15:13:44Z,2026-07-13T15:19:34Z,350,f273bcfad51947351a6a20798deeb6f9211319ee
86851104444,29259835094,Create Releases,call-linux / build (cp311-manylinux_x86_64),completed,success,2026-07-13T14:58:02Z,2026-07-13T15:04:03Z,361,54009776e43732b1836f8a3ee9e9a50797d6c6b8
86843610985,29258074145,Create Releases,call-linux / build (cp311-manylinux_x86_64),completed,success,2026-07-13T14:28:18Z,2026-07-13T14:34:06Z,348,8a4f3e381d5ef3ebeb408af577eae28533a2370d
87516079364,29464965084,Create Releases,call-linux / build (cp311-manylinux_x86_64),completed,success,2026-07-16T01:46:41Z,2026-07-16T01:53:33Z,412,b1576fbfb67386c8c7e2eee75682ac66ac3e775e
87264347969,29387723247,Create Releases,call-linux / build (cp311-manylinux_x86_64),completed,success,2026-07-15T03:56:03Z,2026-07-15T04:01:46Z,343,137239b58beaa605cf2f77420b5a8dc738441562
87092019358,29335028855,Create Releases,call-linux / build (cp311-manylinux_x86_64),completed,success,2026-07-14T13:05:09Z,2026-07-14T13:09:35Z,266,67c35e50c2d77494432d0595765599cbcd6b51ac
88291128160,29723438387,Create Releases,call-linux / build (cp311-manylinux_x86_64),completed,success,2026-07-20T07:04:06Z,2026-07-20T07:09:03Z,297,dcf627e481e5704597c99be990d113aaf677ee84
88282268383,29720457458,Create Releases,call-linux / build (cp311-manylinux_x86_64),completed,success,2026-07-20T06:01:05Z,2026-07-20T06:07:17Z,372,8fc3f2d4057bba9b9274e0d4bef90691774dfbd6
88282220384,29720441213,Create Releases,call-linux / build (cp311-manylinux_x86_64),completed,success,2026-07-20T06:00:04Z,2026-07-20T06:06:08Z,364,c6ad5f3a8c1a23f15fd961bdc0b7d00e581b9158
88282005740,29720088953,Create Releases,call-linux / build (cp311-manylinux_x86_64),completed,success,2026-07-20T05:58:09Z,2026-07-20T06:03:56Z,347,035c67114af3970c440176230e00d2d62b6bdd9f
88281213030,29720083632,Create Releases,call-linux / build (cp311-manylinux_x86_64),completed,success,2026-07-20T05:51:11Z,2026-07-20T05:57:15Z,364,035c67114af3970c440176230e00d2d62b6bdd9f
88252180947,29709843690,Create Releases,call-linux / build (cp311-manylinux_x86_64),completed,success,2026-07-20T00:41:22Z,2026-07-20T00:46:23Z,301,bc71f65c54961d818e2b659b7813630ab19866e3
88282117331,29708501831,Create Releases,call-linux / build (cp311-manylinux_x86_64),completed,success,2026-07-19T23:48:06Z,2026-07-19T23:54:20Z,374,3598bc38ee3000c8cdc01a36284299897f235d57
88078553875,29643817855,Create Releases,call-linux / build (cp311-manylinux_x86_64),completed,success,2026-07-18T12:09:39Z,2026-07-18T12:13:42Z,243,9880e195ba222cd0d3148b7c4c83366a79407a98
88065614761,29638781857,Create Releases,call-linux / build (cp311-manylinux_x86_64),completed,success,2026-07-18T09:12:51Z,2026-07-18T09:18:47Z,356,bc71f65c54961d818e2b659b7813630ab19866e3
88042609064,29630351410,Create Releases,call-linux / build (cp311-manylinux_x86_64),completed,success,2026-07-18T04:19:02Z,2026-07-18T04:25:08Z,366,54fb1eb3f3da6fd4b348635c5ec8556c76f00797
87800315671,29553334165,Create Releases,call-linux / build (cp311-manylinux_x86_64),completed,success,2026-07-17T03:49:48Z,2026-07-17T03:55:40Z,352,af24a1667bd5197920d9b49a10655da80ba92fa9
87778939350,29546167749,Create Releases,call-linux / build (cp311-manylinux_x86_64),completed,success,2026-07-17T00:57:44Z,2026-07-17T01:03:36Z,352,4c89930564892346eefc04a566918f952d42f41f
87778857752,29546155192,Create Releases,call-linux / build (cp311-manylinux_x86_64),completed,cancelled,2026-07-17T00:57:08Z,2026-07-17T00:57:39Z,31,4c89930564892346eefc04a566918f952d42f41f
87715692740,29526369275,Create Releases,call-linux / build (cp311-manylinux_x86_64),completed,success,2026-07-16T19:01:50Z,2026-07-16T19:07:49Z,359,88da2ce6e1afe598d258551c1b4a5dab32cb5321
88529287353,29796668836,Create Releases,call-linux / build (cp311-manylinux_x86_64),completed,success,2026-07-21T02:45:24Z,2026-07-21T02:51:34Z,370,fc8b1e4f575d56fbeefc8165689d19265a813884
88501883426,29787417641,Create Releases,call-linux / build (cp311-manylinux_x86_64),completed,success,2026-07-20T23:30:31Z,2026-07-20T23:36:05Z,334,928f94127f1706f03cf6025307307272853d0fca
89402466036,30067939311,Create Releases,call-linux / build (cp311-manylinux_x86_64),completed,success,2026-07-24T04:53:08Z,2026-07-24T04:59:16Z,368,da71a46bf43b202be9792f2e0dc45fa02fa85a39
89277316262,30028030454,Create Releases,call-linux / build (cp311-manylinux_x86_64),completed,success,2026-07-23T17:06:57Z,2026-07-23T17:12:36Z,339,69829c45e120dce3921c3fc951aaa25e7410f2d8
89187137368,30001361782,Create Releases,call-linux / build (cp311-manylinux_x86_64),completed,success,2026-07-23T10:59:09Z,2026-07-23T11:04:52Z,343,799a5eae207d51f581c7363428f6471f5770c33f
89184956476,30000690400,Create Releases,call-linux / build (cp311-manylinux_x86_64),completed,success,2026-07-23T10:48:37Z,2026-07-23T10:54:38Z,361,799a5eae207d51f581c7363428f6471f5770c33f
89184888963,30000681058,Create Releases,call-linux / build (cp311-manylinux_x86_64),completed,cancelled,2026-07-23T10:48:18Z,2026-07-23T10:48:33Z,15,5674d333cda224b9154f6f92dc16966ffbf8eff4
89118369044,29979559639,Create Releases,call-linux / build (cp311-manylinux_x86_64),completed,success,2026-07-23T04:26:46Z,2026-07-23T04:32:41Z,355,7990b148b001e28efe28bdc4f6b9d7c83a76ac38
89861647529,30228066462,Create Releases,call-linux / build (cp311-manylinux_x86_64),completed,success,2026-07-27T00:42:42Z,2026-07-27T00:48:27Z,345,da71a46bf43b202be9792f2e0dc45fa02fa85a39
90340895363,30378717170,Create Releases,call-linux / build (cp311-manylinux_x86_64),completed,success,2026-07-28T16:32:28Z,2026-07-28T16:38:06Z,338,1f9d368f12c463a83169f7df36e66efc43e966f0
90207581835,30338189497,Create Releases,call-linux / build (cp311-manylinux_x86_64),completed,success,2026-07-28T07:22:53Z,2026-07-28T07:27:51Z,298,96e1622a14578371733d62fc7fe6fe6ce5aca9a7
90178951032,30328592029,Create Releases,call-linux / build (cp311-manylinux_x86_64),completed,success,2026-07-28T04:23:02Z,2026-07-28T04:29:21Z,379,110e06544e863add56d90f6240fd38677aabe51a
90156834138,30321058424,Create Releases,call-linux / build (cp311-manylinux_x86_64),completed,success,2026-07-28T01:42:59Z,2026-07-28T01:47:45Z,286,3fb5c33a58cf0c85e61e8440efa8c406d0eafcd1
90155409811,30320479415,Create Releases,call-linux / build (cp311-manylinux_x86_64),completed,success,2026-07-28T01:33:11Z,2026-07-28T01:39:14Z,363,4ee965534aedd50ba4e6b96b129b3a2ed67e14eb
90109526221,30305759683,Create Releases,call-linux / build (cp311-manylinux_x86_64),completed,success,2026-07-27T21:11:05Z,2026-07-27T21:16:39Z,334,68fffc3dcb40b76be588ac4aa39a4e36331f7cb7
90155012716,30304749033,Create Releases,call-linux / build (cp311-manylinux_x86_64),completed,cancelled,2026-07-28T01:30:28Z,2026-07-28T01:33:06Z,158,e520fc9eb8405ffae02b7a9db4fd9fd8fb5b861f
90102090235,30303538937,Create Releases,call-linux / build (cp311-manylinux_x86_64),completed,success,2026-07-27T20:40:02Z,2026-07-27T20:46:11Z,369,a33db3623ae34557b5ca5c7bcacaec246591befb
90100918070,30302571661,Create Releases,call-linux / build (cp311-manylinux_x86_64),completed,success,2026-07-27T20:35:06Z,2026-07-27T20:40:53Z,347,dc7661fe3dc8b4e842d1088c7778f4849b9f9b4c
90081140699,30296776587,Create Releases,call-linux / build (cp311-manylinux_x86_64),completed,cancelled,2026-07-27T19:12:31Z,2026-07-27T19:12:32Z,1,dc7661fe3dc8b4e842d1088c7778f4849b9f9b4c
91503652458,30750523164,Create Releases,call-linux / build (cp311-manylinux_x86_64),completed,success,2026-08-02T13:43:06Z,2026-08-02T13:48:37Z,331,bc45e5f024f47153b94b078e56cb7b0e0d30a634
91466672475,30736704490,Create Releases,call-linux / build (cp311-manylinux_x86_64),completed,success,2026-08-02T06:52:12Z,2026-08-02T06:58:21Z,369,f0011683efe144c0b6fbb6fb58c742e0a406088e
91457975649,30733547022,Create Releases,call-linux / build (cp311-manylinux_x86_64),completed,success,2026-08-02T05:07:34Z,2026-08-02T05:13:44Z,370,d7739fca22ac8b45e6a566278418edf2d92f9c74
91457583296,30733418629,Create Releases,call-linux / build (cp311-manylinux_x86_64),completed,cancelled,2026-08-02T05:02:56Z,2026-08-02T05:07:22Z,266,d7f1bde30ffb339766841778c35d358356748177
91453122930,30731708690,Create Releases,call-linux / build (cp311-manylinux_x86_64),completed,success,2026-08-02T04:03:50Z,2026-08-02T04:08:49Z,299,3a53746c8b0b0ab01bbdb3f360840739cf60c15a
91440571427,30727054575,Create Releases,call-linux / build (cp311-manylinux_x86_64),completed,success,2026-08-02T01:26:42Z,2026-08-02T01:33:03Z,381,d96301e71e5c3f33f29e6ce8745704539f2b39aa
91440424713,30726993096,Create Releases,call-linux / build (cp311-manylinux_x86_64),completed,success,2026-08-02T01:24:44Z,2026-08-02T01:30:43Z,359,a13b40f63ae0ec305af361982383f374a1072ac1
91440193767,30726908976,Create Releases,call-linux / build (cp311-manylinux_x86_64),completed,cancelled,2026-08-02T01:21:48Z,2026-08-02T01:24:38Z,170,01d2c71d7d7a5f19405542c8e859e671ab0f0ac5
91440149511,30726892454,Create Releases,call-linux / build (cp311-manylinux_x86_64),completed,cancelled,2026-08-02T01:21:16Z,2026-08-02T01:21:42Z,26,beb9b7c3808b2c6c60e6f15cea377e841af66e0d
91439814520,30726777571,Create Releases,call-linux / build (cp311-manylinux_x86_64),completed,success,2026-08-02T01:17:03Z,2026-08-02T01:23:25Z,382,5402fb45ac84112d3096768cbc22c95ef5fcd79c
91439725208,30726733178,Create Releases,call-linux / build (cp311-manylinux_x86_64),completed,cancelled,2026-08-02T01:15:54Z,2026-08-02T01:21:11Z,317,0af241aca03a021e7ce63cbc83a706eb12de4828
91439660094,30726707430,Create Releases,call-linux / build (cp311-manylinux_x86_64),completed,cancelled,2026-08-02T01:15:10Z,2026-08-02T01:15:45Z,35,1dee617793b4e13e729ddae1b805dd4b8f6f8f55
91439621458,30726688556,Create Releases,call-linux / build (cp311-manylinux_x86_64),completed,success,2026-08-02T01:14:35Z,2026-08-02T01:20:35Z,360,9c2f7881e2841144738d4079b08448c2b59476b1
91439447825,30726623459,Create Releases,call-linux / build (cp311-manylinux_x86_64),completed,cancelled,2026-08-02T01:12:20Z,2026-08-02T01:14:59Z,159,a18f351b048d0b37ed812bca6b1ca2e68a74c876
91439037189,30726481648,Create Releases,call-linux / build (cp311-manylinux_x86_64),completed,cancelled,2026-08-02T01:07:23Z,2026-08-02T01:12:14Z,291,08a1faacfb76d0b5bf0a297f3bd7df0807e396d3
91438849109,30726411569,Create Releases,call-linux / build (cp311-manylinux_x86_64),completed,success,2026-08-02T01:05:06Z,2026-08-02T01:09:59Z,293,fac0cfc091b72748aefd6e3673592d5a007c07ac
91438841956,30726408736,Create Releases,call-linux / build (cp311-manylinux_x86_64),completed,success,2026-08-02T01:05:01Z,2026-08-02T01:10:58Z,357,93b2f6d5f460b88685ae4ebeeede21b9abab07e1
91438652395,30726339060,Create Releases,call-linux / build (cp311-manylinux_x86_64),completed,cancelled,2026-08-02T01:02:45Z,2026-08-02T01:07:16Z,271,be32ee2d83cf52a65c853ee959054c95c6bef683
91407520037,30714443004,Create Releases,call-linux / build (cp311-manylinux_x86_64),completed,success,2026-08-01T19:17:32Z,2026-08-01T19:23:38Z,366,abf35fc8e96684a707bfc6b3578b61201873c3d5
91407422696,30714407085,Create Releases,call-linux / build (cp311-manylinux_x86_64),completed,success,2026-08-01T19:16:40Z,2026-08-01T19:22:45Z,365,0a9caf9d277ed5350d488599bc604363a1c1a960
91407207801,30714325944,Create Releases,call-linux / build (cp311-manylinux_x86_64),completed,success,2026-08-01T19:14:21Z,2026-08-01T19:20:06Z,345,6cf450492db9cabb3dfc6673700b784ccd897346
91384675282,30705808993,Create Releases,call-linux / build (cp311-manylinux_x86_64),completed,failure,2026-08-01T15:24:33Z,2026-08-01T15:25:01Z,28,6697288bddb3a8b57718688e479310481da758b7
91384246368,30705680154,Create Releases,call-linux / build (cp311-manylinux_x86_64),completed,success,2026-08-01T15:20:13Z,2026-08-01T15:26:22Z,369,4ab1a959ab1270f808933a5a9f460d1f8dc7da8b
91384240463,30705677857,Create Releases,call-linux / build (cp311-manylinux_x86_64),completed,success,2026-08-01T15:20:05Z,2026-08-01T15:26:22Z,377,7fa42c711163d7bab002380f8a2cecd1519ef156
91384037346,30705600669,Create Releases,call-linux / build (cp311-manylinux_x86_64),completed,cancelled,2026-08-01T15:17:59Z,2026-08-01T15:23:41Z,342,6effaa9d8dc2623a728d0abe39fefdfe4ae7d9b3
91383100672,30705236308,Create Releases,call-linux / build (cp311-manylinux_x86_64),completed,success,2026-08-01T15:13:59Z,2026-08-01T15:20:01Z,362,7ed7a562277a94ec878591233b6d27972a9c1aab
91383097419,30705235104,Create Releases,call-linux / build (cp311-manylinux_x86_64),completed,cancelled,2026-08-01T15:07:42Z,2026-08-01T15:07:43Z,1,7ed7a562277a94ec878591233b6d27972a9c1aab
91383085780,30705230237,Create Releases,call-linux / build (cp311-manylinux_x86_64),completed,success,2026-08-01T15:13:36Z,2026-08-01T15:19:18Z,342,38e6a55bbd184d79a478c6ad98ae16509a6bb1cb
91383082584,30705229683,Create Releases,call-linux / build (cp311-manylinux_x86_64),completed,cancelled,2026-08-01T15:07:33Z,2026-08-01T15:07:34Z,1,38e6a55bbd184d79a478c6ad98ae16509a6bb1cb
91383076302,30705227101,Create Releases,call-linux / build (cp311-manylinux_x86_64),completed,cancelled,2026-08-01T15:07:29Z,2026-08-01T15:07:30Z,1,86a7ff25706e6fe3384cfcd39535dade17e00156
91383079612,30705227505,Create Releases,call-linux / build (cp311-manylinux_x86_64),completed,success,2026-08-01T15:14:05Z,2026-08-01T15:19:44Z,339,86a7ff25706e6fe3384cfcd39535dade17e00156
91383058983,30705219855,Create Releases,call-linux / build (cp311-manylinux_x86_64),completed,success,2026-08-01T15:11:06Z,2026-08-01T15:16:05Z,299,f55ed8a66a382019ebb61ae75b39783dcdd4e458
91383056425,30705219333,Create Releases,call-linux / build (cp311-manylinux_x86_64),completed,cancelled,2026-08-01T15:07:17Z,2026-08-01T15:07:17Z,0,f55ed8a66a382019ebb61ae75b39783dcdd4e458
91383054485,30705217374,Create Releases,call-linux / build (cp311-manylinux_x86_64),completed,success,2026-08-01T15:10:34Z,2026-08-01T15:15:26Z,292,c47ce8b83aee9633c472bd1a70937f6ccb339bd9
91383050739,30705216915,Create Releases,call-linux / build (cp311-manylinux_x86_64),completed,cancelled,2026-08-01T15:07:13Z,2026-08-01T15:07:14Z,1,c47ce8b83aee9633c472bd1a70937f6ccb339bd9
91382935154,30705170881,Create Releases,call-linux / build (cp311-manylinux_x86_64),completed,success,2026-08-01T15:06:56Z,2026-08-01T15:13:02Z,366,26a07210700d41ff13eb157324be399fa0b0616b
91382932440,30705170760,Create Releases,call-linux / build (cp311-manylinux_x86_64),completed,cancelled,2026-08-01T15:05:59Z,2026-08-01T15:06:00Z,1,26a07210700d41ff13eb157324be399fa0b0616b
91382930604,30705169019,Create Releases,call-linux / build (cp311-manylinux_x86_64),completed,success,2026-08-01T15:06:17Z,2026-08-01T15:12:18Z,361,7a93cff5a02640fd7b850f993995d5001b3abadb
91382927533,30705168860,Create Releases,call-linux / build (cp311-manylinux_x86_64),completed,cancelled,2026-08-01T15:05:56Z,2026-08-01T15:05:57Z,1,7a93cff5a02640fd7b850f993995d5001b3abadb
91382910589,30705161531,Create Releases,call-linux / build (cp311-manylinux_x86_64),completed,success,2026-08-01T15:05:47Z,2026-08-01T15:11:19Z,332,6331d63658368b704a9016459c25addf454b442e
91382907206,30705161321,Create Releases,call-linux / build (cp311-manylinux_x86_64),completed,cancelled,2026-08-01T15:05:43Z,2026-08-01T15:05:43Z,0,6331d63658368b704a9016459c25addf454b442e
91382898785,30705156998,Create Releases,call-linux / build (cp311-manylinux_x86_64),completed,success,2026-08-01T15:05:39Z,2026-08-01T15:11:47Z,368,0015da105c371b757bb22a2642719853ec678492
91382894795,30705156681,Create Releases,call-linux / build (cp311-manylinux_x86_64),completed,cancelled,2026-08-01T15:05:34Z,2026-08-01T15:05:35Z,1,0015da105c371b757bb22a2642719853ec678492
91382777804,30705111249,Create Releases,call-linux / build (cp311-manylinux_x86_64),completed,success,2026-08-01T15:04:29Z,2026-08-01T15:10:36Z,367,3022ce329ce7a585da0d9456f745d52deb244e4a
91382774813,30705111188,Create Releases,call-linux / build (cp311-manylinux_x86_64),completed,cancelled,2026-08-01T15:04:19Z,2026-08-01T15:04:19Z,0,3022ce329ce7a585da0d9456f745d52deb244e4a
91382725285,30705074929,Create Releases,call-linux / build (cp311-manylinux_x86_64),completed,success,2026-08-01T15:03:48Z,2026-08-01T15:09:53Z,365,d1fbbc64f095e8d9d89fcc6422b01ed030a141d1
91382678227,30705074675,Create Releases,call-linux / build (cp311-manylinux_x86_64),completed,cancelled,2026-08-01T15:03:17Z,2026-08-01T15:03:18Z,1,d1fbbc64f095e8d9d89fcc6422b01ed030a141d1
91382674945,30705072172,Create Releases,call-linux / build (cp311-manylinux_x86_64),completed,success,2026-08-01T15:03:21Z,2026-08-01T15:07:45Z,264,0c00275d9d38de052c384b42499c67ea9b9db323
91382670197,30705071729,Create Releases,call-linux / build (cp311-manylinux_x86_64),completed,cancelled,2026-08-01T15:03:12Z,2026-08-01T15:03:13Z,1,0c00275d9d38de052c384b42499c67ea9b9db323
91382646038,30705062699,Create Releases,call-linux / build (cp311-manylinux_x86_64),completed,success,2026-08-01T15:03:05Z,2026-08-01T15:08:42Z,337,bc51a55ad2e56ecf7c7a4581ec7dd2888c66d078
91382642597,30705061955,Create Releases,call-linux / build (cp311-manylinux_x86_64),completed,cancelled,2026-08-01T15:02:54Z,2026-08-01T15:02:55Z,1,bc51a55ad2e56ecf7c7a4581ec7dd2888c66d078
91382641050,30705061157,Create Releases,call-linux / build (cp311-manylinux_x86_64),completed,success,2026-08-01T15:02:55Z,2026-08-01T15:09:04Z,369,067087ec446020f58f22f019e9bce7f1db3bd00e
91382638543,30705060749,Create Releases,call-linux / build (cp311-manylinux_x86_64),completed,cancelled,2026-08-01T15:02:52Z,2026-08-01T15:02:53Z,1,067087ec446020f58f22f019e9bce7f1db3bd00e
91382632780,30705057498,Create Releases,call-linux / build (cp311-manylinux_x86_64),completed,success,2026-08-01T15:02:50Z,2026-08-01T15:08:32Z,342,4c2357980b3320a79ed2ad08d2288e5c8f1304d4
91382629170,30705057219,Create Releases,call-linux / build (cp311-manylinux_x86_64),completed,cancelled,2026-08-01T15:02:46Z,2026-08-01T15:02:47Z,1,4c2357980b3320a79ed2ad08d2288e5c8f1304d4
91382624420,30705054809,Create Releases,call-linux / build (cp311-manylinux_x86_64),completed,success,2026-08-01T15:02:45Z,2026-08-01T15:08:33Z,348,294ab1c326ba6d59da9a80d1e63e85a4d26a651d
91382621853,30705054643,Create Releases,call-linux / build (cp311-manylinux_x86_64),completed,cancelled,2026-08-01T15:02:41Z,2026-08-01T15:02:42Z,1,294ab1c326ba6d59da9a80d1e63e85a4d26a651d
91322651767,30682681567,Create Releases,call-linux / build (cp311-manylinux_x86_64),completed,success,2026-08-01T03:47:45Z,2026-08-01T03:53:42Z,357,57bb876250ecc07623a744512d94b44221fb3ed8
91321361340,30682208965,Create Releases,call-linux / build (cp311-manylinux_x86_64),completed,success,2026-08-01T03:33:04Z,2026-08-01T03:39:13Z,369,ed596e59acf5c9cbff9c196af0203d9042a19312
91312022207,30679000548,Create Releases,call-linux / build (cp311-manylinux_x86_64),completed,success,2026-08-01T01:57:02Z,2026-08-01T02:02:31Z,329,5a90553c5d46225445fae208c6ed6f1691d0acee
91298984301,30674553323,Create Releases,call-linux / build (cp311-manylinux_x86_64),completed,success,2026-08-01T00:03:49Z,2026-08-01T00:09:55Z,366,b9a36b64f571d20d57aa1255ac9dd72613e10067
91293735447,30672753466,Create Releases,call-linux / build (cp311-manylinux_x86_64),completed,success,2026-07-31T23:23:38Z,2026-07-31T23:29:09Z,331,ac022da25942010f88356890a2923da2107d587c
91218703798,30649404013,Create Releases,call-linux / build (cp311-manylinux_x86_64),completed,success,2026-07-31T17:00:02Z,2026-07-31T17:05:53Z,351,9ef07d367e45100cd51ef2105bfb6495ff409a4e
91171174136,30635252271,Create Releases,call-linux / build (cp311-manylinux_x86_64),completed,success,2026-07-31T13:38:32Z,2026-07-31T13:44:12Z,340,a5ea26bd2445f5546e09d07a8e009ea6df6a34f7
91170712046,30635141900,Create Releases,call-linux / build (cp311-manylinux_x86_64),completed,cancelled,2026-07-31T13:36:34Z,2026-07-31T13:38:25Z,111,7c54edc8802fb03b0c777af22a8cd275e78af941
91074467499,30604696831,Create Releases,call-linux / build (cp311-manylinux_x86_64),completed,success,2026-07-31T04:39:05Z,2026-07-31T04:45:11Z,366,0e4703b020a87561df8d9fb06df0d225a84d831f
90785018926,30515741792,Create Releases,call-linux / build (cp311-manylinux_x86_64),completed,success,2026-07-30T05:07:30Z,2026-07-30T05:13:38Z,368,512e5d4e7836f0a9147d4df7c86f258b8f393965
90608130390,30461395552,Create Releases,call-linux / build (cp311-manylinux_x86_64),completed,success,2026-07-29T14:32:56Z,2026-07-29T14:38:27Z,331,b2244dcc0c22876ad4cbc8f60aa03fe4a4653eee
90604295809,30460292418,Create Releases,call-linux / build (cp311-manylinux_x86_64),completed,success,2026-07-29T14:19:30Z,2026-07-29T14:26:21Z,411,636f310968c1fa07420d9b93dc8a4192ac441abf
91569575896,30775293343,Create Releases,call-linux / build (cp311-manylinux_x86_64),completed,success,2026-08-03T00:47:40Z,2026-08-03T00:53:55Z,375,877687a5279ab697ef39d493407bef7c337e241f
91568867478,30775052556,Create Releases,call-linux / build (cp311-manylinux_x86_64),completed,success,2026-08-03T00:41:07Z,2026-08-03T00:46:16Z,309,bc45e5f024f47153b94b078e56cb7b0e0d30a634
92666900161,31116378404,Create Releases,call-linux / build (cp311-manylinux_x86_64),completed,failure,2026-08-06T15:33:27Z,2026-08-06T15:38:35Z,308,7cc81c9a0084796df9a6fb6a0fc0944152b67626
92372511956,31025427815,Create Releases,call-linux / build (cp311-manylinux_x86_64),completed,success,2026-08-05T16:28:25Z,2026-08-05T16:34:22Z,357,74ff8571fca98ea37697e6364990f4b4a2107af2
92362955836,31022619016,Create Releases,call-linux / build (cp311-manylinux_x86_64),completed,success,2026-08-05T15:54:10Z,2026-08-05T16:00:18Z,368,aa42afa48b6690222d44099fc7e187ab605a38d6
92356556362,31020764042,Create Releases,call-linux / build (cp311-manylinux_x86_64),completed,success,2026-08-05T15:31:56Z,2026-08-05T15:37:41Z,345,aa42afa48b6690222d44099fc7e187ab605a38d6
92351506606,31019290218,Create Releases,call-linux / build (cp311-manylinux_x86_64),completed,success,2026-08-05T15:14:39Z,2026-08-05T15:19:21Z,282,665de4200aa97486aa0d843d561a30d8814303e8
92185087003,30967680812,Create Releases,call-linux / build (cp311-manylinux_x86_64),completed,success,2026-08-05T01:52:31Z,2026-08-05T01:58:58Z,387,643dd20bdddd58fac6098408d1f83861ae29f4ba
92162214145,30960190175,Create Releases,call-linux / build (cp311-manylinux_x86_64),completed,success,2026-08-04T23:30:06Z,2026-08-04T23:36:01Z,355,1da65ecfb76c23b65b57c9ffcf6a4913d780129e
92144537580,30954590078,Create Releases,call-linux / build (cp311-manylinux_x86_64),completed,success,2026-08-04T21:59:06Z,2026-08-04T22:04:47Z,341,a8f77b5b90fd8490071c57466b1ebc2706e05fcf
92103944036,30942433974,Create Releases,call-linux / build (cp311-manylinux_x86_64),completed,success,2026-08-04T19:15:32Z,2026-08-04T19:21:57Z,385,03267b1f335bf0c7a9b45b7b87310d893da81240
92097839674,30940647160,Create Releases,call-linux / build (cp311-manylinux_x86_64),completed,success,2026-08-04T18:52:34Z,2026-08-04T18:58:48Z,374,6be0677fc22e74563e6eb472f931513aefe5648d
91885738338,30875399566,Create Releases,call-linux / build (cp311-manylinux_x86_64),completed,success,2026-08-04T03:40:01Z,2026-08-04T03:44:19Z,258,528cbdb577ac20a734d808be72451a107ad7fd89
91855677087,30865287408,Create Releases,call-linux / build (cp311-manylinux_x86_64),completed,success,2026-08-04T00:20:59Z,2026-08-04T00:27:19Z,380,18a44ebe7dce191db2ed3bf8daa9c0c33e8687cb
91754276619,30833904509,Create Releases,call-linux / build (cp311-manylinux_x86_64),completed,success,2026-08-03T16:49:29Z,2026-08-03T16:55:38Z,369,787b6b19f31e3932ab9b8fc93362df762418f040
91743893146,30830787813,Create Releases,call-linux / build (cp311-manylinux_x86_64),completed,success,2026-08-03T16:08:40Z,2026-08-03T16:14:47Z,367,97895421fe3520dd1de8468e6ace271fd710000c
91726398317,30825598774,Create Releases,call-linux / build (cp311-manylinux_x86_64),completed,success,2026-08-03T15:03:15Z,2026-08-03T15:08:58Z,343,32056e0d8593d1dfdd14810b8cbd99d6872718ff
91726124938,30825547837,Create Releases,call-linux / build (cp311-manylinux_x86_64),completed,success,2026-08-03T15:02:09Z,2026-08-03T15:07:53Z,344,42038efc7c3c3d1d34df237b00bd2831d666923b
91724788701,30825156872,Create Releases,call-linux / build (cp311-manylinux_x86_64),completed,cancelled,2026-08-03T14:57:27Z,2026-08-03T15:03:02Z,335,5c86230f7ab9dd7ddf81b79a7118c209202ac67d
91716040209,30822608750,Create Releases,call-linux / build (cp311-manylinux_x86_64),completed,success,2026-08-03T14:25:26Z,2026-08-03T14:31:39Z,373,b55794db29df33466532cd4658dfce08acbc4503
91712812459,30821660834,Create Releases,call-linux / build (cp311-manylinux_x86_64),completed,success,2026-08-03T14:13:25Z,2026-08-03T14:19:48Z,383,9b77becc02ea78db2eddbc9c3147b2c4662155f6
91708093858,30820256533,Create Releases,call-linux / build (cp311-manylinux_x86_64),completed,success,2026-08-03T13:56:06Z,2026-08-03T14:01:31Z,325,04f2ec465d31fdce5851c7b7a004def46764310e
91687327305,30814043318,Create Releases,call-linux / build (cp311-manylinux_x86_64),completed,success,2026-08-03T12:33:14Z,2026-08-03T12:38:02Z,288,2801ac7cb75570c2d0fc13b29f200382ccc5f7ab
91683353151,30812834167,Create Releases,call-linux / build (cp311-manylinux_x86_64),completed,success,2026-08-03T12:15:25Z,2026-08-03T12:21:10Z,345,7e1874ba6ebaa3c0ffbc7b3bbd51e212358c4309
91678852885,30811432265,Create Releases,call-linux / build (cp311-manylinux_x86_64),completed,success,2026-08-03T11:55:19Z,2026-08-03T12:01:23Z,364,cf61f3543bfa4bb65a51ab9a5f570aad2540b32b
91677663464,30811065611,Create Releases,call-linux / build (cp311-manylinux_x86_64),completed,success,2026-08-03T11:49:56Z,2026-08-03T11:55:52Z,356,087f04d627e3fe3ae739e2ddd3fde7d8919ca0a4
91672354925,30809421847,Create Releases,call-linux / build (cp311-manylinux_x86_64),completed,failure,2026-08-03T11:24:43Z,2026-08-03T11:30:24Z,341,2f74b34686fff43e7476c88352bbb169389ba36c
